idEvent,strTimestamp,Round,Home Team,Home Score,Away Team,Away Score,Venue,DisplayTime,Status,Away Inning Line,Home Inning Line,Away Hits,Home Hits,Away Errors,Home Errors,Poster,Thumb,gameSno,kindCode,year,officialLiveUrl
2438201,2026-03-28 09:05:00,Round 1,Rakuten Monkeys,3,CTBC Brothers,2,,17:05,FINAL,,,,,,,,https://r2.thesportsdb.com/images/media/event/thumb/e1mwnh1712659604.jpg,,,,
2438202,2026-03-29 08:05:00,Round 1,Uni-President Lions,3,TSG Hawks,1,,16:05,FINAL,,,,,,,,https://www.thesportsdb.com/images/media/event/thumb/i7o6qg1775240959.jpg,,,,
2438203,2026-03-29 09:05:00,Round 1,CTBC Brothers,2,Fubon Guardians,8,,17:05,FINAL,,,,,,,,https://r2.thesportsdb.com/images/media/event/thumb/me3dno1712659534.jpg,,,,
2438204,2026-03-29 09:05:00,Round 1,Rakuten Monkeys,2,Wei Chuan Dragons,3,,17:05,FINAL,,,,,,,,https://r2.thesportsdb.com/images/media/event/thumb/s3n4sz1712659536.jpg,,,,
2438205,2026-03-31 10:35:00,Round 2,CTBC Brothers,4,Wei Chuan Dragons,1,,18:35,FINAL,,,,,,,,https://r2.thesportsdb.com/images/media/event/thumb/r7fgxi1712659538.jpg,,,,
2438206,2026-03-31 10:35:00,Round 2,Rakuten Monkeys,1,TSG Hawks,3,,18:35,FINAL,,,,,,,,https://www.thesportsdb.com/images/media/event/thumb/j43peo1775240960.jpg,,,,
2438207,2026-03-31 10:35:00,Round 2,Uni-President Lions,3,Fubon Guardians,5,,18:35,FINAL,,,,,,,,https://r2.thesportsdb.com/images/media/event/thumb/p7sgxb1712659516.jpg,,,,
2438208,2026-04-01 10:35:00,Round 2,CTBC Brothers,2,Wei Chuan Dragons,8,,18:35,FINAL,,,,,,,,https://r2.thesportsdb.com/images/media/event/thumb/r7fgxi1712659538.jpg,,,,
2438209,2026-04-01 10:35:00,Round 2,Rakuten Monkeys,1,TSG Hawks,6,,18:35,FINAL,,,,,,,,https://www.thesportsdb.com/images/media/event/thumb/lxevb81775240961.jpg,,,,
2438210,2026-04-01 10:35:00,Round 2,Uni-President Lions,4,Fubon Guardians,2,,18:35,FINAL,,,,,,,,https://r2.thesportsdb.com/images/media/event/thumb/p7sgxb1712659516.jpg,,,,
2438211,2026-04-03 09:05:00,Round 2,Wei Chuan Dragons,5,TSG Hawks,4,,17:05,FINAL,,,,,,,,https://www.thesportsdb.com/images/media/event/thumb/gqs4gj1775240962.jpg,,,,
2438212,2026-04-03 09:05:00,Round 2,Fubon Guardians,3,Rakuten Monkeys,2,,17:05,FINAL,,,,,,,,https://r2.thesportsdb.com/images/media/event/thumb/gwf44t1712659602.jpg,,,,
2438213,2026-04-03 09:05:00,Round 2,CTBC Brothers,2,Uni-President Lions,6,,17:05,FINAL,,,,,,,,https://r2.thesportsdb.com/images/media/event/thumb/1z4q9v1712659527.jpg,,,,
2438214,2026-04-04 09:05:00,Round 2,CTBC Brothers,,Uni-President Lions,,,17:05,SCHEDULED,,,,,,,,https://r2.thesportsdb.com/images/media/event/thumb/1z4q9v1712659527.jpg,,,,
2438215,2026-04-04 09:05:00,Round 2,Fubon Guardians,,Rakuten Monkeys,,,17:05,SCHEDULED,,,,,,,,https://r2.thesportsdb.com/images/media/event/thumb/gwf44t1712659602.jpg,,,,
2438216,2026-04-04 09:05:00,Round 2,Wei Chuan Dragons,,TSG Hawks,,,17:05,SCHEDULED,,,,,,,,https://www.thesportsdb.com/images/media/event/thumb/cgxkfi1775240963.jpg,,,,
2438217,2026-04-05 14:05:00,Round 2,Wei Chuan Dragons,,TSG Hawks,,天母,14:05,SCHEDULED,"","","","","","",,,17,A,2026,https://en.cpbl.com.tw/box/index?gameSno=17&kindCode=A&year=2026
2438218,2026-04-05 17:05:00,Round 2,CTBC Brothers,,Uni-President Lions,,洲際,17:05,SCHEDULED,"","","","","","",,,18,A,2026,https://en.cpbl.com.tw/box/index?gameSno=18&kindCode=A&year=2026
2438219,2026-04-05 17:05:00,Round 2,Fubon Guardians,,Rakuten Monkeys,,新莊,17:05,SCHEDULED,"","","","","","",,,19,A,2026,https://en.cpbl.com.tw/box/index?gameSno=19&kindCode=A&year=2026
2438220,2026-04-06 08:05:00,Round 3,TSG Hawks,,Uni-President Lions,,,16:05,SCHEDULED,,,,,,,,https://www.thesportsdb.com/images/media/event/thumb/ruf8jv1775240965.jpg,,,,
2438221,2026-04-06 08:05:00,Round 3,Wei Chuan Dragons,,Rakuten Monkeys,,,16:05,SCHEDULED,,,,,,,,https://r2.thesportsdb.com/images/media/event/thumb/udx3701712659513.jpg,,,,
2438222,2026-04-06 09:05:00,Round 3,Fubon Guardians,,CTBC Brothers,,,17:05,SCHEDULED,,,,,,,,https://r2.thesportsdb.com/images/media/event/thumb/cmjt7a1712659539.jpg,,,,
2438223,2026-04-07 10:35:00,Round 3,Wei Chuan Dragons,,Rakuten Monkeys,,,18:35,SCHEDULED,,,,,,,,https://r2.thesportsdb.com/images/media/event/thumb/udx3701712659513.jpg,,,,
2438224,2026-04-07 10:35:00,Round 3,TSG Hawks,,Uni-President Lions,,,18:35,SCHEDULED,,,,,,,,https://www.thesportsdb.com/images/media/event/thumb/pl6dvv1775240966.jpg,,,,
2438225,2026-04-07 10:35:00,Round 3,Fubon Guardians,,CTBC Brothers,,,18:35,SCHEDULED,,,,,,,,https://r2.thesportsdb.com/images/media/event/thumb/cmjt7a1712659539.jpg,,,,
2438226,2026-04-10 10:35:00,Round 3,Rakuten Monkeys,,CTBC Brothers,,,18:35,SCHEDULED,,,,,,,,https://r2.thesportsdb.com/images/media/event/thumb/e1mwnh1712659604.jpg,,,,
2438227,2026-04-10 10:35:00,Round 3,TSG Hawks,,Fubon Guardians,,,18:35,SCHEDULED,,,,,,,,https://www.thesportsdb.com/images/media/event/thumb/ac9grn1775240967.jpg,,,,
2438228,2026-04-10 10:35:00,Round 3,Uni-President Lions,,Wei Chuan Dragons,,,18:35,SCHEDULED,,,,,,,,https://r2.thesportsdb.com/images/media/event/thumb/l2ne001712659508.jpg,,,,
2438229,2026-04-11 08:05:00,Round 3,TSG Hawks,,Fubon Guardians,,,16:05,SCHEDULED,,,,,,,,https://www.thesportsdb.com/images/media/event/thumb/62xj0m1775240968.jpg,,,,
2438230,2026-04-11 08:05:00,Round 3,Uni-President Lions,,Wei Chuan Dragons,,,16:05,SCHEDULED,,,,,,,,https://r2.thesportsdb.com/images/media/event/thumb/l2ne001712659508.jpg,,,,
2438231,2026-04-11 09:05:00,Round 3,Rakuten Monkeys,,CTBC Brothers,,,17:05,SCHEDULED,,,,,,,,https://r2.thesportsdb.com/images/media/event/thumb/e1mwnh1712659604.jpg,,,,
2438232,2026-04-12 08:05:00,Round 3,TSG Hawks,,Fubon Guardians,,,16:05,SCHEDULED,,,,,,,,https://www.thesportsdb.com/images/media/event/thumb/pk1qzh1775240969.jpg,,,,
2438233,2026-04-12 08:05:00,Round 3,Uni-President Lions,,Wei Chuan Dragons,,,16:05,SCHEDULED,,,,,,,,https://r2.thesportsdb.com/images/media/event/thumb/l2ne001712659508.jpg,,,,
2438234,2026-04-12 09:05:00,Round 3,Rakuten Monkeys,,CTBC Brothers,,,17:05,SCHEDULED,,,,,,,,https://r2.thesportsdb.com/images/media/event/thumb/e1mwnh1712659604.jpg,,,,
2438235,2026-04-14 10:35:00,Round 4,CTBC Brothers,,TSG Hawks,,,18:35,SCHEDULED,,,,,,,,https://www.thesportsdb.com/images/media/event/thumb/o41cvw1775240970.jpg,,,,
2438236,2026-04-14 10:35:00,Round 4,Fubon Guardians,,Wei Chuan Dragons,,,18:35,SCHEDULED,,,,,,,,https://r2.thesportsdb.com/images/media/event/thumb/u5uxeq1712659524.jpg,,,,
2438237,2026-04-15 10:35:00,Round 4,CTBC Brothers,,TSG Hawks,,,18:35,SCHEDULED,,,,,,,,https://www.thesportsdb.com/images/media/event/thumb/am01aw1775240971.jpg,,,,
2438238,2026-04-15 10:35:00,Round 4,Fubon Guardians,,Wei Chuan Dragons,,,18:35,SCHEDULED,,,,,,,,https://r2.thesportsdb.com/images/media/event/thumb/u5uxeq1712659524.jpg,,,,
2438239,2026-04-15 10:35:00,Round 4,Rakuten Monkeys,,Uni-President Lions,,,18:35,SCHEDULED,,,,,,,,https://r2.thesportsdb.com/images/media/event/thumb/nf3jpm1712659540.jpg,,,,
2438240,2026-04-16 10:35:00,Round 4,Rakuten Monkeys,,Uni-President Lions,,,18:35,SCHEDULED,,,,,,,,https://r2.thesportsdb.com/images/media/event/thumb/nf3jpm1712659540.jpg,,,,
2438241,2026-04-17 10:35:00,Round 4,Fubon Guardians,,Uni-President Lions,,,18:35,SCHEDULED,,,,,,,,https://r2.thesportsdb.com/images/media/event/thumb/dubti11712659539.jpg,,,,
2438242,2026-04-17 10:35:00,Round 4,TSG Hawks,,Rakuten Monkeys,,,18:35,SCHEDULED,,,,,,,,https://www.thesportsdb.com/images/media/event/thumb/keyzr51775240972.jpg,,,,
2438243,2026-04-17 10:35:00,Round 4,Wei Chuan Dragons,,CTBC Brothers,,,18:35,SCHEDULED,,,,,,,,https://r2.thesportsdb.com/images/media/event/thumb/b8xtw51712659533.jpg,,,,
2438244,2026-04-18 08:05:00,Round 4,TSG Hawks,,Rakuten Monkeys,,,16:05,SCHEDULED,,,,,,,,https://www.thesportsdb.com/images/media/event/thumb/z3xaai1775240973.jpg,,,,
2438245,2026-04-18 09:05:00,Round 4,Wei Chuan Dragons,,CTBC Brothers,,,17:05,SCHEDULED,,,,,,,,https://r2.thesportsdb.com/images/media/event/thumb/b8xtw51712659533.jpg,,,,
2438246,2026-04-18 09:05:00,Round 4,Fubon Guardians,,Uni-President Lions,,,17:05,SCHEDULED,,,,,,,,https://r2.thesportsdb.com/images/media/event/thumb/dubti11712659539.jpg,,,,
2438247,2026-04-19 08:05:00,Round 4,TSG Hawks,,Rakuten Monkeys,,,16:05,SCHEDULED,,,,,,,,https://www.thesportsdb.com/images/media/event/thumb/ztv5no1775240974.jpg,,,,
2438248,2026-04-19 08:05:00,Round 4,Wei Chuan Dragons,,CTBC Brothers,,,16:05,SCHEDULED,,,,,,,,https://r2.thesportsdb.com/images/media/event/thumb/b8xtw51712659533.jpg,,,,
2438249,2026-04-19 09:05:00,Round 4,Fubon Guardians,,Uni-President Lions,,,17:05,SCHEDULED,,,,,,,,https://r2.thesportsdb.com/images/media/event/thumb/dubti11712659539.jpg,,,,
2438250,2026-04-21 10:35:00,Round 5,Rakuten Monkeys,,Fubon Guardians,,,18:35,SCHEDULED,,,,,,,,https://r2.thesportsdb.com/images/media/event/thumb/cw41ci1712659519.jpg,,,,
2438251,2026-04-21 10:35:00,Round 5,Uni-President Lions,,CTBC Brothers,,,18:35,SCHEDULED,,,,,,,,https://r2.thesportsdb.com/images/media/event/thumb/8vqs4a1712659537.jpg,,,,
2438252,2026-04-22 10:35:00,Round 5,Rakuten Monkeys,,Fubon Guardians,,,18:35,SCHEDULED,,,,,,,,https://r2.thesportsdb.com/images/media/event/thumb/cw41ci1712659519.jpg,,,,
2438253,2026-04-22 10:35:00,Round 5,TSG Hawks,,Wei Chuan Dragons,,,18:35,SCHEDULED,,,,,,,,https://www.thesportsdb.com/images/media/event/thumb/2mphaw1775240975.jpg,,,,
2438254,2026-04-22 10:35:00,Round 5,Uni-President Lions,,CTBC Brothers,,,18:35,SCHEDULED,,,,,,,,https://r2.thesportsdb.com/images/media/event/thumb/8vqs4a1712659537.jpg,,,,
2438255,2026-04-23 10:35:00,Round 5,TSG Hawks,,Wei Chuan Dragons,,,18:35,SCHEDULED,,,,,,,,https://www.thesportsdb.com/images/media/event/thumb/lezgut1775240976.jpg,,,,
2438256,2026-04-24 10:35:00,Round 5,Uni-President Lions,,TSG Hawks,,,18:35,SCHEDULED,,,,,,,,https://www.thesportsdb.com/images/media/event/thumb/e50ykl1775240977.jpg,,,,
2438257,2026-04-24 10:35:00,Round 5,Rakuten Monkeys,,Wei Chuan Dragons,,,18:35,SCHEDULED,,,,,,,,https://r2.thesportsdb.com/images/media/event/thumb/s3n4sz1712659536.jpg,,,,
2438258,2026-04-24 10:35:00,Round 5,CTBC Brothers,,Fubon Guardians,,,18:35,SCHEDULED,,,,,,,,https://r2.thesportsdb.com/images/media/event/thumb/me3dno1712659534.jpg,,,,
2438259,2026-04-25 08:05:00,Round 5,Uni-President Lions,,TSG Hawks,,,16:05,SCHEDULED,,,,,,,,https://www.thesportsdb.com/images/media/event/thumb/xbbvvd1775240978.jpg,,,,
2438260,2026-04-25 09:05:00,Round 5,CTBC Brothers,,Fubon Guardians,,,17:05,SCHEDULED,,,,,,,,https://r2.thesportsdb.com/images/media/event/thumb/me3dno1712659534.jpg,,,,
2438261,2026-04-25 09:05:00,Round 5,Rakuten Monkeys,,Wei Chuan Dragons,,,17:05,SCHEDULED,,,,,,,,https://r2.thesportsdb.com/images/media/event/thumb/s3n4sz1712659536.jpg,,,,
2438262,2026-04-26 08:05:00,Round 5,Uni-President Lions,,TSG Hawks,,,16:05,SCHEDULED,,,,,,,,https://www.thesportsdb.com/images/media/event/thumb/s2vsj41775240979.jpg,,,,
2438263,2026-04-26 09:05:00,Round 5,CTBC Brothers,,Fubon Guardians,,,17:05,SCHEDULED,,,,,,,,https://r2.thesportsdb.com/images/media/event/thumb/me3dno1712659534.jpg,,,,
2438264,2026-04-26 09:05:00,Round 5,Rakuten Monkeys,,Wei Chuan Dragons,,,17:05,SCHEDULED,,,,,,,,https://r2.thesportsdb.com/images/media/event/thumb/s3n4sz1712659536.jpg,,,,
2438265,2026-04-28 10:35:00,Round 6,Fubon Guardians,,TSG Hawks,,,18:35,SCHEDULED,,,,,,,,https://www.thesportsdb.com/images/media/event/thumb/7p68ab1775240980.jpg,,,,
2438266,2026-04-28 10:35:00,Round 6,Wei Chuan Dragons,,Uni-President Lions,,,18:35,SCHEDULED,,,,,,,,https://r2.thesportsdb.com/images/media/event/thumb/ccgdjf1712659602.jpg,,,,
2438267,2026-04-29 10:35:00,Round 6,Wei Chuan Dragons,,Uni-President Lions,,,18:35,SCHEDULED,,,,,,,,https://r2.thesportsdb.com/images/media/event/thumb/ccgdjf1712659602.jpg,,,,
2438268,2026-04-29 10:35:00,Round 6,CTBC Brothers,,Rakuten Monkeys,,,18:35,SCHEDULED,,,,,,,,https://r2.thesportsdb.com/images/media/event/thumb/jt9ui71712659516.jpg,,,,
2438269,2026-04-29 10:35:00,Round 6,Fubon Guardians,,TSG Hawks,,,18:35,SCHEDULED,,,,,,,,https://www.thesportsdb.com/images/media/event/thumb/yw9wwz1775240980.jpg,,,,
2438270,2026-04-30 10:35:00,Round 6,CTBC Brothers,,Rakuten Monkeys,,,18:35,SCHEDULED,,,,,,,,https://r2.thesportsdb.com/images/media/event/thumb/jt9ui71712659516.jpg,,,,
2438271,2026-05-01 08:05:00,Round 6,TSG Hawks,,CTBC Brothers,,,16:05,SCHEDULED,,,,,,,,https://www.thesportsdb.com/images/media/event/thumb/fu7v9p1775240981.jpg,,,,
2438272,2026-05-01 08:05:00,Round 6,Uni-President Lions,,Rakuten Monkeys,,,16:05,SCHEDULED,,,,,,,,https://r2.thesportsdb.com/images/media/event/thumb/0jhrmu1712659534.jpg,,,,
2438273,2026-05-01 09:05:00,Round 6,Wei Chuan Dragons,,Fubon Guardians,,,17:05,SCHEDULED,,,,,,,,https://r2.thesportsdb.com/images/media/event/thumb/gz6l981712659605.jpg,,,,
2438274,2026-05-02 08:05:00,Round 6,TSG Hawks,,CTBC Brothers,,,16:05,SCHEDULED,,,,,,,,https://www.thesportsdb.com/images/media/event/thumb/ulsi4x1775240982.jpg,,,,
2438275,2026-05-02 08:05:00,Round 6,Uni-President Lions,,Rakuten Monkeys,,,16:05,SCHEDULED,,,,,,,,https://r2.thesportsdb.com/images/media/event/thumb/0jhrmu1712659534.jpg,,,,
2438276,2026-05-02 09:05:00,Round 6,Wei Chuan Dragons,,Fubon Guardians,,,17:05,SCHEDULED,,,,,,,,https://r2.thesportsdb.com/images/media/event/thumb/gz6l981712659605.jpg,,,,
2438277,2026-05-03 07:05:00,Round 6,TSG Hawks,,CTBC Brothers,,,15:05,SCHEDULED,,,,,,,,https://www.thesportsdb.com/images/media/event/thumb/rsy7jq1775240984.jpg,,,,
2438278,2026-05-03 08:05:00,Round 6,Wei Chuan Dragons,,Fubon Guardians,,,16:05,SCHEDULED,,,,,,,,https://r2.thesportsdb.com/images/media/event/thumb/gz6l981712659605.jpg,,,,
2438279,2026-05-03 08:05:00,Round 6,Uni-President Lions,,Rakuten Monkeys,,,16:05,SCHEDULED,,,,,,,,https://r2.thesportsdb.com/images/media/event/thumb/0jhrmu1712659534.jpg,,,,
2438280,2026-05-05 10:35:00,Round 7,Fubon Guardians,,Rakuten Monkeys,,,18:35,SCHEDULED,,,,,,,,https://r2.thesportsdb.com/images/media/event/thumb/gwf44t1712659602.jpg,,,,
2438281,2026-05-05 10:35:00,Round 7,Wei Chuan Dragons,,CTBC Brothers,,,18:35,SCHEDULED,,,,,,,,https://r2.thesportsdb.com/images/media/event/thumb/b8xtw51712659533.jpg,,,,
2438282,2026-05-06 10:35:00,Round 7,Fubon Guardians,,Rakuten Monkeys,,,18:35,SCHEDULED,,,,,,,,https://r2.thesportsdb.com/images/media/event/thumb/gwf44t1712659602.jpg,,,,
2438283,2026-05-06 10:35:00,Round 7,Uni-President Lions,,TSG Hawks,,,18:35,SCHEDULED,,,,,,,,https://www.thesportsdb.com/images/media/event/thumb/zoxqfh1775240985.jpg,,,,
2438284,2026-05-06 10:35:00,Round 7,Wei Chuan Dragons,,CTBC Brothers,,,18:35,SCHEDULED,,,,,,,,https://r2.thesportsdb.com/images/media/event/thumb/b8xtw51712659533.jpg,,,,
2438285,2026-05-08 10:35:00,Round 7,CTBC Brothers,,TSG Hawks,,,18:35,SCHEDULED,,,,,,,,https://www.thesportsdb.com/images/media/event/thumb/1wzdio1775240986.jpg,,,,
2438286,2026-05-08 10:35:00,Round 7,Fubon Guardians,,Wei Chuan Dragons,,,18:35,SCHEDULED,,,,,,,,https://r2.thesportsdb.com/images/media/event/thumb/u5uxeq1712659524.jpg,,,,
2438287,2026-05-08 10:35:00,Round 7,Rakuten Monkeys,,Uni-President Lions,,,18:35,SCHEDULED,,,,,,,,https://r2.thesportsdb.com/images/media/event/thumb/nf3jpm1712659540.jpg,,,,
2438288,2026-05-09 09:05:00,Round 7,Rakuten Monkeys,,Uni-President Lions,,,17:05,SCHEDULED,,,,,,,,https://r2.thesportsdb.com/images/media/event/thumb/nf3jpm1712659540.jpg,,,,
2438289,2026-05-09 09:05:00,Round 7,CTBC Brothers,,TSG Hawks,,,17:05,SCHEDULED,,,,,,,,https://www.thesportsdb.com/images/media/event/thumb/5d84mw1775240987.jpg,,,,
2438290,2026-05-09 09:05:00,Round 7,Fubon Guardians,,Wei Chuan Dragons,,,17:05,SCHEDULED,,,,,,,,https://r2.thesportsdb.com/images/media/event/thumb/u5uxeq1712659524.jpg,,,,
2438291,2026-05-10 09:05:00,Round 7,Fubon Guardians,,Wei Chuan Dragons,,,17:05,SCHEDULED,,,,,,,,https://r2.thesportsdb.com/images/media/event/thumb/u5uxeq1712659524.jpg,,,,
2438292,2026-05-10 09:05:00,Round 7,Rakuten Monkeys,,Uni-President Lions,,,17:05,SCHEDULED,,,,,,,,https://r2.thesportsdb.com/images/media/event/thumb/nf3jpm1712659540.jpg,,,,
2438293,2026-05-10 09:05:00,Round 7,CTBC Brothers,,TSG Hawks,,,17:05,SCHEDULED,,,,,,,,https://www.thesportsdb.com/images/media/event/thumb/f5nd1y1775240988.jpg,,,,
2438294,2026-05-12 10:35:00,Round 8,Uni-President Lions,,Wei Chuan Dragons,,,18:35,SCHEDULED,,,,,,,,https://r2.thesportsdb.com/images/media/event/thumb/l2ne001712659508.jpg,,,,
2438295,2026-05-13 10:35:00,Round 8,CTBC Brothers,,Fubon Guardians,,,18:35,SCHEDULED,,,,,,,,https://r2.thesportsdb.com/images/media/event/thumb/me3dno1712659534.jpg,,,,
2438296,2026-05-13 10:35:00,Round 8,TSG Hawks,,Rakuten Monkeys,,,18:35,SCHEDULED,,,,,,,,https://www.thesportsdb.com/images/media/event/thumb/v0xw6j1775240989.jpg,,,,
2438297,2026-05-13 10:35:00,Round 8,Uni-President Lions,,Wei Chuan Dragons,,,18:35,SCHEDULED,,,,,,,,https://r2.thesportsdb.com/images/media/event/thumb/l2ne001712659508.jpg,,,,
2438298,2026-05-14 10:35:00,Round 8,TSG Hawks,,Rakuten Monkeys,,,18:35,SCHEDULED,,,,,,,,https://www.thesportsdb.com/images/media/event/thumb/0bftbx1775240990.jpg,,,,
2438299,2026-05-15 10:35:00,Round 8,Wei Chuan Dragons,,Rakuten Monkeys,,,18:35,SCHEDULED,,,,,,,,https://r2.thesportsdb.com/images/media/event/thumb/udx3701712659513.jpg,,,,
2438300,2026-05-15 10:35:00,Round 8,Fubon Guardians,,TSG Hawks,,,18:35,SCHEDULED,,,,,,,,https://www.thesportsdb.com/images/media/event/thumb/2ephio1775240991.jpg,,,,
2438301,2026-05-15 10:35:00,Round 8,Uni-President Lions,,CTBC Brothers,,,18:35,SCHEDULED,,,,,,,,https://r2.thesportsdb.com/images/media/event/thumb/8vqs4a1712659537.jpg,,,,
2438302,2026-05-16 08:05:00,Round 8,Uni-President Lions,,CTBC Brothers,,,16:05,SCHEDULED,,,,,,,,https://r2.thesportsdb.com/images/media/event/thumb/8vqs4a1712659537.jpg,,,,
2438303,2026-05-16 09:05:00,Round 8,Fubon Guardians,,TSG Hawks,,,17:05,SCHEDULED,,,,,,,,https://www.thesportsdb.com/images/media/event/thumb/0gjxva1775240992.jpg,,,,
2438304,2026-05-16 09:05:00,Round 8,Wei Chuan Dragons,,Rakuten Monkeys,,,17:05,SCHEDULED,,,,,,,,https://r2.thesportsdb.com/images/media/event/thumb/udx3701712659513.jpg,,,,
2438305,2026-05-17 08:05:00,Round 8,Uni-President Lions,,CTBC Brothers,,,16:05,SCHEDULED,,,,,,,,https://r2.thesportsdb.com/images/media/event/thumb/8vqs4a1712659537.jpg,,,,
2438306,2026-05-17 08:05:00,Round 8,Wei Chuan Dragons,,Rakuten Monkeys,,,16:05,SCHEDULED,,,,,,,,https://r2.thesportsdb.com/images/media/event/thumb/udx3701712659513.jpg,,,,
2438307,2026-05-17 09:05:00,Round 8,Fubon Guardians,,TSG Hawks,,,17:05,SCHEDULED,,,,,,,,https://www.thesportsdb.com/images/media/event/thumb/gn0ae51775240993.jpg,,,,
2438308,2026-05-19 10:35:00,Round 9,Wei Chuan Dragons,,TSG Hawks,,,18:35,SCHEDULED,,,,,,,,https://www.thesportsdb.com/images/media/event/thumb/1z6riz1775240994.jpg,,,,
2438309,2026-05-20 10:35:00,Round 9,Wei Chuan Dragons,,TSG Hawks,,,18:35,SCHEDULED,,,,,,,,https://www.thesportsdb.com/images/media/event/thumb/3m6ie71775240995.jpg,,,,
2438310,2026-05-20 10:35:00,Round 9,Rakuten Monkeys,,CTBC Brothers,,,18:35,SCHEDULED,,,,,,,,https://r2.thesportsdb.com/images/media/event/thumb/e1mwnh1712659604.jpg,,,,
2438311,2026-05-20 10:35:00,Round 9,Fubon Guardians,,Uni-President Lions,,,18:35,SCHEDULED,,,,,,,,https://r2.thesportsdb.com/images/media/event/thumb/dubti11712659539.jpg,,,,
2438312,2026-05-21 10:35:00,Round 9,Fubon Guardians,,Uni-President Lions,,,18:35,SCHEDULED,,,,,,,,https://r2.thesportsdb.com/images/media/event/thumb/dubti11712659539.jpg,,,,
2438313,2026-05-22 10:35:00,Round 9,CTBC Brothers,,Wei Chuan Dragons,,,18:35,SCHEDULED,,,,,,,,https://r2.thesportsdb.com/images/media/event/thumb/r7fgxi1712659538.jpg,,,,
2438314,2026-05-22 10:35:00,Round 9,Rakuten Monkeys,,Fubon Guardians,,,18:35,SCHEDULED,,,,,,,,https://r2.thesportsdb.com/images/media/event/thumb/cw41ci1712659519.jpg,,,,
2438315,2026-05-22 10:35:00,Round 9,TSG Hawks,,Uni-President Lions,,,18:35,SCHEDULED,,,,,,,,https://www.thesportsdb.com/images/media/event/thumb/flek0h1775240996.jpg,,,,
2438316,2026-05-23 08:05:00,Round 9,TSG Hawks,,Uni-President Lions,,,16:05,SCHEDULED,,,,,,,,https://www.thesportsdb.com/images/media/event/thumb/bx1ue11775240998.jpg,,,,
2438317,2026-05-23 09:05:00,Round 9,CTBC Brothers,,Wei Chuan Dragons,,,17:05,SCHEDULED,,,,,,,,https://r2.thesportsdb.com/images/media/event/thumb/r7fgxi1712659538.jpg,,,,
2438318,2026-05-23 09:05:00,Round 9,Rakuten Monkeys,,Fubon Guardians,,,17:05,SCHEDULED,,,,,,,,https://r2.thesportsdb.com/images/media/event/thumb/cw41ci1712659519.jpg,,,,
2438319,2026-05-24 07:05:00,Round 9,CTBC Brothers,,Wei Chuan Dragons,,,15:05,SCHEDULED,,,,,,,,https://r2.thesportsdb.com/images/media/event/thumb/r7fgxi1712659538.jpg,,,,
2438320,2026-05-24 08:05:00,Round 9,TSG Hawks,,Uni-President Lions,,,16:05,SCHEDULED,,,,,,,,https://www.thesportsdb.com/images/media/event/thumb/iuhqb81775240999.jpg,,,,
2438321,2026-05-24 09:05:00,Round 9,Rakuten Monkeys,,Fubon Guardians,,,17:05,SCHEDULED,,,,,,,,https://r2.thesportsdb.com/images/media/event/thumb/cw41ci1712659519.jpg,,,,
2438322,2026-05-26 10:35:00,Round 10,Uni-President Lions,,Rakuten Monkeys,,,18:35,SCHEDULED,,,,,,,,https://r2.thesportsdb.com/images/media/event/thumb/0jhrmu1712659534.jpg,,,,
2438323,2026-05-26 10:35:00,Round 10,Wei Chuan Dragons,,Fubon Guardians,,,18:35,SCHEDULED,,,,,,,,https://r2.thesportsdb.com/images/media/event/thumb/gz6l981712659605.jpg,,,,
2438324,2026-05-27 10:35:00,Round 10,TSG Hawks,,CTBC Brothers,,,18:35,SCHEDULED,,,,,,,,https://www.thesportsdb.com/images/media/event/thumb/o6gclk1775241000.jpg,,,,
2438325,2026-05-27 10:35:00,Round 10,Uni-President Lions,,Rakuten Monkeys,,,18:35,SCHEDULED,,,,,,,,https://r2.thesportsdb.com/images/media/event/thumb/0jhrmu1712659534.jpg,,,,
2438326,2026-05-27 10:35:00,Round 10,Wei Chuan Dragons,,Fubon Guardians,,,18:35,SCHEDULED,,,,,,,,https://r2.thesportsdb.com/images/media/event/thumb/gz6l981712659605.jpg,,,,
2438327,2026-05-28 10:35:00,Round 10,TSG Hawks,,CTBC Brothers,,,18:35,SCHEDULED,,,,,,,,https://www.thesportsdb.com/images/media/event/thumb/uurs4m1775241001.jpg,,,,
2438328,2026-05-29 10:35:00,Round 10,Fubon Guardians,,CTBC Brothers,,,18:35,SCHEDULED,,,,,,,,https://r2.thesportsdb.com/images/media/event/thumb/cmjt7a1712659539.jpg,,,,
2438329,2026-05-29 10:35:00,Round 10,Rakuten Monkeys,,TSG Hawks,,,18:35,SCHEDULED,,,,,,,,https://www.thesportsdb.com/images/media/event/thumb/tlvf3x1775241004.jpg,,,,
2438330,2026-05-29 10:35:00,Round 10,Wei Chuan Dragons,,Uni-President Lions,,,18:35,SCHEDULED,,,,,,,,https://r2.thesportsdb.com/images/media/event/thumb/ccgdjf1712659602.jpg,,,,
2438331,2026-05-30 09:05:00,Round 10,Wei Chuan Dragons,,Uni-President Lions,,,17:05,SCHEDULED,,,,,,,,https://r2.thesportsdb.com/images/media/event/thumb/ccgdjf1712659602.jpg,,,,
2438332,2026-05-30 09:05:00,Round 10,Rakuten Monkeys,,TSG Hawks,,,17:05,SCHEDULED,,,,,,,,https://www.thesportsdb.com/images/media/event/thumb/r2hipu1775241005.jpg,,,,
2438333,2026-05-30 09:05:00,Round 10,Fubon Guardians,,CTBC Brothers,,,17:05,SCHEDULED,,,,,,,,https://r2.thesportsdb.com/images/media/event/thumb/cmjt7a1712659539.jpg,,,,
2438334,2026-05-31 08:05:00,Round 10,Fubon Guardians,,CTBC Brothers,,,16:05,SCHEDULED,,,,,,,,https://r2.thesportsdb.com/images/media/event/thumb/cmjt7a1712659539.jpg,,,,
2438335,2026-05-31 08:05:00,Round 10,Wei Chuan Dragons,,Uni-President Lions,,,16:05,SCHEDULED,,,,,,,,https://r2.thesportsdb.com/images/media/event/thumb/ccgdjf1712659602.jpg,,,,
2438336,2026-05-31 09:05:00,Round 10,Rakuten Monkeys,,TSG Hawks,,,17:05,SCHEDULED,,,,,,,,https://www.thesportsdb.com/images/media/event/thumb/3y41jx1775241008.jpg,,,,
2438337,2026-06-02 10:35:00,Round 11,CTBC Brothers,,Uni-President Lions,,,18:35,SCHEDULED,,,,,,,,https://r2.thesportsdb.com/images/media/event/thumb/1z4q9v1712659527.jpg,,,,
2438338,2026-06-03 10:35:00,Round 11,CTBC Brothers,,Uni-President Lions,,,18:35,SCHEDULED,,,,,,,,https://r2.thesportsdb.com/images/media/event/thumb/1z4q9v1712659527.jpg,,,,
2438339,2026-06-03 10:35:00,Round 11,Rakuten Monkeys,,Wei Chuan Dragons,,,18:35,SCHEDULED,,,,,,,,https://r2.thesportsdb.com/images/media/event/thumb/s3n4sz1712659536.jpg,,,,
2438340,2026-06-03 10:35:00,Round 11,TSG Hawks,,Fubon Guardians,,,18:35,SCHEDULED,,,,,,,,https://www.thesportsdb.com/images/media/event/thumb/nkn8m41775241009.jpg,,,,
2438341,2026-06-04 10:35:00,Round 11,TSG Hawks,,Fubon Guardians,,,18:35,SCHEDULED,,,,,,,,https://www.thesportsdb.com/images/media/event/thumb/qan6cr1775241010.jpg,,,,
2438342,2026-06-05 10:35:00,Round 11,Uni-President Lions,,Fubon Guardians,,,18:35,SCHEDULED,,,,,,,,https://r2.thesportsdb.com/images/media/event/thumb/p7sgxb1712659516.jpg,,,,
2438343,2026-06-05 10:35:00,Round 11,TSG Hawks,,Wei Chuan Dragons,,,18:35,SCHEDULED,,,,,,,,https://www.thesportsdb.com/images/media/event/thumb/ioictg1775241012.jpg,,,,
2438344,2026-06-05 10:35:00,Round 11,CTBC Brothers,,Rakuten Monkeys,,,18:35,SCHEDULED,,,,,,,,https://r2.thesportsdb.com/images/media/event/thumb/jt9ui71712659516.jpg,,,,
2438345,2026-06-06 08:05:00,Round 11,Uni-President Lions,,Fubon Guardians,,,16:05,SCHEDULED,,,,,,,,https://r2.thesportsdb.com/images/media/event/thumb/p7sgxb1712659516.jpg,,,,
2438346,2026-06-06 08:05:00,Round 11,TSG Hawks,,Wei Chuan Dragons,,,16:05,SCHEDULED,,,,,,,,https://www.thesportsdb.com/images/media/event/thumb/qawatf1775241013.jpg,,,,
2438347,2026-06-06 09:05:00,Round 11,CTBC Brothers,,Rakuten Monkeys,,,17:05,SCHEDULED,,,,,,,,https://r2.thesportsdb.com/images/media/event/thumb/jt9ui71712659516.jpg,,,,
2438348,2026-06-07 08:05:00,Round 11,TSG Hawks,,Wei Chuan Dragons,,,16:05,SCHEDULED,,,,,,,,https://www.thesportsdb.com/images/media/event/thumb/ozu6ya1775241014.jpg,,,,
2438349,2026-06-07 08:05:00,Round 11,Uni-President Lions,,Fubon Guardians,,,16:05,SCHEDULED,,,,,,,,https://r2.thesportsdb.com/images/media/event/thumb/p7sgxb1712659516.jpg,,,,
2438350,2026-06-07 09:05:00,Round 11,CTBC Brothers,,Rakuten Monkeys,,,17:05,SCHEDULED,,,,,,,,https://r2.thesportsdb.com/images/media/event/thumb/jt9ui71712659516.jpg,,,,
2438351,2026-06-09 10:35:00,Round 12,CTBC Brothers,,TSG Hawks,,,18:35,SCHEDULED,,,,,,,,https://www.thesportsdb.com/images/media/event/thumb/sv4y5x1775241015.jpg,,,,
2438352,2026-06-09 10:35:00,Round 12,Fubon Guardians,,Wei Chuan Dragons,,,18:35,SCHEDULED,,,,,,,,https://r2.thesportsdb.com/images/media/event/thumb/u5uxeq1712659524.jpg,,,,
2438353,2026-06-10 10:35:00,Round 12,Rakuten Monkeys,,Uni-President Lions,,,18:35,SCHEDULED,,,,,,,,https://r2.thesportsdb.com/images/media/event/thumb/nf3jpm1712659540.jpg,,,,
2438354,2026-06-11 10:35:00,Round 12,Wei Chuan Dragons,,CTBC Brothers,,,18:35,SCHEDULED,,,,,,,,https://r2.thesportsdb.com/images/media/event/thumb/b8xtw51712659533.jpg,,,,
2438355,2026-06-11 10:35:00,Round 12,Fubon Guardians,,Uni-President Lions,,,18:35,SCHEDULED,,,,,,,,https://r2.thesportsdb.com/images/media/event/thumb/dubti11712659539.jpg,,,,
2438356,2026-06-11 10:35:00,Round 12,TSG Hawks,,Rakuten Monkeys,,,18:35,SCHEDULED,,,,,,,,https://www.thesportsdb.com/images/media/event/thumb/16yscp1775241016.jpg,,,,
2438357,2026-06-12 10:35:00,Round 12,Fubon Guardians,,Uni-President Lions,,,18:35,SCHEDULED,,,,,,,,https://r2.thesportsdb.com/images/media/event/thumb/dubti11712659539.jpg,,,,
2438358,2026-06-12 10:35:00,Round 12,TSG Hawks,,Rakuten Monkeys,,,18:35,SCHEDULED,,,,,,,,https://www.thesportsdb.com/images/media/event/thumb/xnsnfd1775241017.jpg,,,,
2438359,2026-06-12 10:35:00,Round 12,Wei Chuan Dragons,,CTBC Brothers,,,18:35,SCHEDULED,,,,,,,,https://r2.thesportsdb.com/images/media/event/thumb/b8xtw51712659533.jpg,,,,
2438360,2026-06-13 09:05:00,Round 12,CTBC Brothers,,Rakuten Monkeys,,,17:05,SCHEDULED,,,,,,,,https://r2.thesportsdb.com/images/media/event/thumb/jt9ui71712659516.jpg,,,,
2438361,2026-06-13 09:05:00,Round 12,Fubon Guardians,,TSG Hawks,,,17:05,SCHEDULED,,,,,,,,https://www.thesportsdb.com/images/media/event/thumb/tszp6l1775241018.jpg,,,,
2438362,2026-06-13 09:05:00,Round 12,Wei Chuan Dragons,,Uni-President Lions,,,17:05,SCHEDULED,,,,,,,,https://r2.thesportsdb.com/images/media/event/thumb/ccgdjf1712659602.jpg,,,,
2438363,2026-06-14 08:05:00,Round 12,Wei Chuan Dragons,,Uni-President Lions,,,16:05,SCHEDULED,,,,,,,,https://r2.thesportsdb.com/images/media/event/thumb/ccgdjf1712659602.jpg,,,,
2438364,2026-06-14 09:05:00,Round 12,Fubon Guardians,,TSG Hawks,,,17:05,SCHEDULED,,,,,,,,https://www.thesportsdb.com/images/media/event/thumb/9g2hkv1775241019.jpg,,,,
2438365,2026-06-14 09:05:00,Round 12,CTBC Brothers,,Rakuten Monkeys,,,17:05,SCHEDULED,,,,,,,,https://r2.thesportsdb.com/images/media/event/thumb/jt9ui71712659516.jpg,,,,
2438366,2026-06-16 10:35:00,Round 13,TSG Hawks,,CTBC Brothers,,,18:35,SCHEDULED,,,,,,,,https://www.thesportsdb.com/images/media/event/thumb/qlzyq71775241020.jpg,,,,
2438367,2026-06-16 10:35:00,Round 13,Uni-President Lions,,Rakuten Monkeys,,,18:35,SCHEDULED,,,,,,,,https://r2.thesportsdb.com/images/media/event/thumb/0jhrmu1712659534.jpg,,,,
2438368,2026-06-17 10:35:00,Round 13,Wei Chuan Dragons,,Fubon Guardians,,,18:35,SCHEDULED,,,,,,,,https://r2.thesportsdb.com/images/media/event/thumb/gz6l981712659605.jpg,,,,
2438369,2026-06-18 10:35:00,Round 13,CTBC Brothers,,Fubon Guardians,,,18:35,SCHEDULED,,,,,,,,https://r2.thesportsdb.com/images/media/event/thumb/me3dno1712659534.jpg,,,,
2438370,2026-06-18 10:35:00,Round 13,Rakuten Monkeys,,Wei Chuan Dragons,,,18:35,SCHEDULED,,,,,,,,https://r2.thesportsdb.com/images/media/event/thumb/s3n4sz1712659536.jpg,,,,
2438371,2026-06-18 10:35:00,Round 13,Uni-President Lions,,TSG Hawks,,,18:35,SCHEDULED,,,,,,,,https://www.thesportsdb.com/images/media/event/thumb/jf14pp1775241022.jpg,,,,
2438372,2026-06-19 08:05:00,Round 13,Uni-President Lions,,TSG Hawks,,,16:05,SCHEDULED,,,,,,,,https://www.thesportsdb.com/images/media/event/thumb/6jaq551775241023.jpg,,,,
2438373,2026-06-19 09:05:00,Round 13,CTBC Brothers,,Fubon Guardians,,,17:05,SCHEDULED,,,,,,,,https://r2.thesportsdb.com/images/media/event/thumb/me3dno1712659534.jpg,,,,
2438374,2026-06-19 09:05:00,Round 13,Rakuten Monkeys,,Wei Chuan Dragons,,,17:05,SCHEDULED,,,,,,,,https://r2.thesportsdb.com/images/media/event/thumb/s3n4sz1712659536.jpg,,,,
2438375,2026-06-20 08:05:00,Round 13,Uni-President Lions,,CTBC Brothers,,,16:05,SCHEDULED,,,,,,,,https://r2.thesportsdb.com/images/media/event/thumb/8vqs4a1712659537.jpg,,,,
2438376,2026-06-20 08:05:00,Round 13,TSG Hawks,,Wei Chuan Dragons,,,16:05,SCHEDULED,,,,,,,,https://www.thesportsdb.com/images/media/event/thumb/14ptxf1775241024.jpg,,,,
2438377,2026-06-20 09:05:00,Round 13,Rakuten Monkeys,,Fubon Guardians,,,17:05,SCHEDULED,,,,,,,,https://r2.thesportsdb.com/images/media/event/thumb/cw41ci1712659519.jpg,,,,
2438378,2026-06-21 08:05:00,Round 13,TSG Hawks,,Wei Chuan Dragons,,,16:05,SCHEDULED,,,,,,,,https://www.thesportsdb.com/images/media/event/thumb/zmz1dk1775241025.jpg,,,,
2438379,2026-06-21 08:05:00,Round 13,Uni-President Lions,,CTBC Brothers,,,16:05,SCHEDULED,,,,,,,,https://r2.thesportsdb.com/images/media/event/thumb/8vqs4a1712659537.jpg,,,,
2438380,2026-06-21 09:05:00,Round 13,Rakuten Monkeys,,Fubon Guardians,,,17:05,SCHEDULED,,,,,,,,https://r2.thesportsdb.com/images/media/event/thumb/cw41ci1712659519.jpg,,,,
2438381,2026-07-03 10:35:00,Round 14,CTBC Brothers,,Rakuten Monkeys,,,18:35,SCHEDULED,,,,,,,,https://r2.thesportsdb.com/images/media/event/thumb/jt9ui71712659516.jpg,,,,
2438382,2026-07-03 10:35:00,Round 14,TSG Hawks,,Uni-President Lions,,,18:35,SCHEDULED,,,,,,,,https://www.thesportsdb.com/images/media/event/thumb/2603k91775241026.jpg,,,,
2438383,2026-07-03 10:35:00,Round 14,Wei Chuan Dragons,,Fubon Guardians,,,18:35,SCHEDULED,,,,,,,,https://r2.thesportsdb.com/images/media/event/thumb/gz6l981712659605.jpg,,,,
2438384,2026-07-04 08:05:00,Round 14,TSG Hawks,,Uni-President Lions,,,16:05,SCHEDULED,,,,,,,,https://www.thesportsdb.com/images/media/event/thumb/6ztz8c1775241027.jpg,,,,
2438385,2026-07-04 09:05:00,Round 14,Wei Chuan Dragons,,Fubon Guardians,,,17:05,SCHEDULED,,,,,,,,https://r2.thesportsdb.com/images/media/event/thumb/gz6l981712659605.jpg,,,,
2438386,2026-07-04 09:05:00,Round 14,CTBC Brothers,,Rakuten Monkeys,,,17:05,SCHEDULED,,,,,,,,https://r2.thesportsdb.com/images/media/event/thumb/jt9ui71712659516.jpg,,,,
2438387,2026-07-05 08:05:00,Round 14,Wei Chuan Dragons,,Fubon Guardians,,,16:05,SCHEDULED,,,,,,,,https://r2.thesportsdb.com/images/media/event/thumb/gz6l981712659605.jpg,,,,
2438388,2026-07-05 08:05:00,Round 14,TSG Hawks,,Uni-President Lions,,,16:05,SCHEDULED,,,,,,,,https://www.thesportsdb.com/images/media/event/thumb/92vj621775241028.jpg,,,,
2438389,2026-07-05 09:05:00,Round 14,CTBC Brothers,,Rakuten Monkeys,,,17:05,SCHEDULED,,,,,,,,https://r2.thesportsdb.com/images/media/event/thumb/jt9ui71712659516.jpg,,,,
2438390,2026-07-07 10:35:00,Round 15,Fubon Guardians,,Rakuten Monkeys,,,18:35,SCHEDULED,,,,,,,,https://r2.thesportsdb.com/images/media/event/thumb/gwf44t1712659602.jpg,,,,
2438391,2026-07-07 10:35:00,Round 15,Uni-President Lions,,CTBC Brothers,,,18:35,SCHEDULED,,,,,,,,https://r2.thesportsdb.com/images/media/event/thumb/8vqs4a1712659537.jpg,,,,
2438392,2026-07-08 10:35:00,Round 15,Fubon Guardians,,Rakuten Monkeys,,,18:35,SCHEDULED,,,,,,,,https://r2.thesportsdb.com/images/media/event/thumb/gwf44t1712659602.jpg,,,,
2438393,2026-07-08 10:35:00,Round 15,Uni-President Lions,,CTBC Brothers,,,18:35,SCHEDULED,,,,,,,,https://r2.thesportsdb.com/images/media/event/thumb/8vqs4a1712659537.jpg,,,,
2438394,2026-07-08 10:35:00,Round 15,Wei Chuan Dragons,,TSG Hawks,,,18:35,SCHEDULED,,,,,,,,https://www.thesportsdb.com/images/media/event/thumb/irljf31775241029.jpg,,,,
2438395,2026-07-09 10:35:00,Round 15,Wei Chuan Dragons,,TSG Hawks,,,18:35,SCHEDULED,,,,,,,,https://www.thesportsdb.com/images/media/event/thumb/6m03511775241030.jpg,,,,
2438396,2026-07-10 10:35:00,Round 15,Uni-President Lions,,Wei Chuan Dragons,,,18:35,SCHEDULED,,,,,,,,https://r2.thesportsdb.com/images/media/event/thumb/l2ne001712659508.jpg,,,,
2438397,2026-07-10 10:35:00,Round 15,Fubon Guardians,,CTBC Brothers,,,18:35,SCHEDULED,,,,,,,,https://r2.thesportsdb.com/images/media/event/thumb/cmjt7a1712659539.jpg,,,,
2438398,2026-07-10 10:35:00,Round 15,Rakuten Monkeys,,TSG Hawks,,,18:35,SCHEDULED,,,,,,,,https://www.thesportsdb.com/images/media/event/thumb/6n51y61775241031.jpg,,,,
2438399,2026-07-11 08:05:00,Round 15,Uni-President Lions,,Wei Chuan Dragons,,,16:05,SCHEDULED,,,,,,,,https://r2.thesportsdb.com/images/media/event/thumb/l2ne001712659508.jpg,,,,
2438400,2026-07-11 09:05:00,Round 15,Fubon Guardians,,CTBC Brothers,,,17:05,SCHEDULED,,,,,,,,https://r2.thesportsdb.com/images/media/event/thumb/cmjt7a1712659539.jpg,,,,
2438401,2026-07-11 09:05:00,Round 15,Rakuten Monkeys,,TSG Hawks,,,17:05,SCHEDULED,,,,,,,,https://www.thesportsdb.com/images/media/event/thumb/56szje1775241032.jpg,,,,
2438402,2026-07-12 08:05:00,Round 15,Uni-President Lions,,Wei Chuan Dragons,,,16:05,SCHEDULED,,,,,,,,https://r2.thesportsdb.com/images/media/event/thumb/l2ne001712659508.jpg,,,,
2438403,2026-07-12 09:05:00,Round 15,Fubon Guardians,,CTBC Brothers,,,17:05,SCHEDULED,,,,,,,,https://r2.thesportsdb.com/images/media/event/thumb/cmjt7a1712659539.jpg,,,,
2438404,2026-07-12 09:05:00,Round 15,Rakuten Monkeys,,TSG Hawks,,,17:05,SCHEDULED,,,,,,,,https://www.thesportsdb.com/images/media/event/thumb/sp56bl1775241033.jpg,,,,
2438405,2026-07-14 10:35:00,Round 16,CTBC Brothers,,Wei Chuan Dragons,,,18:35,SCHEDULED,,,,,,,,https://r2.thesportsdb.com/images/media/event/thumb/r7fgxi1712659538.jpg,,,,
2438406,2026-07-14 10:35:00,Round 16,TSG Hawks,,Fubon Guardians,,,18:35,SCHEDULED,,,,,,,,https://www.thesportsdb.com/images/media/event/thumb/pm2p7o1775241035.jpg,,,,
2438407,2026-07-15 10:35:00,Round 16,TSG Hawks,,Fubon Guardians,,,18:35,SCHEDULED,,,,,,,,https://www.thesportsdb.com/images/media/event/thumb/kuw3n41775241036.jpg,,,,
2438408,2026-07-15 10:35:00,Round 16,CTBC Brothers,,Wei Chuan Dragons,,,18:35,SCHEDULED,,,,,,,,https://r2.thesportsdb.com/images/media/event/thumb/r7fgxi1712659538.jpg,,,,
2438409,2026-07-15 10:35:00,Round 16,Rakuten Monkeys,,Uni-President Lions,,,18:35,SCHEDULED,,,,,,,,https://r2.thesportsdb.com/images/media/event/thumb/nf3jpm1712659540.jpg,,,,
2438410,2026-07-16 10:35:00,Round 16,Rakuten Monkeys,,Uni-President Lions,,,18:35,SCHEDULED,,,,,,,,https://r2.thesportsdb.com/images/media/event/thumb/nf3jpm1712659540.jpg,,,,
2438411,2026-07-21 10:35:00,Round 17,CTBC Brothers,,TSG Hawks,,,18:35,SCHEDULED,,,,,,,,https://www.thesportsdb.com/images/media/event/thumb/lm5oh81775241037.jpg,,,,
2438412,2026-07-21 10:35:00,Round 17,Wei Chuan Dragons,,Rakuten Monkeys,,,18:35,SCHEDULED,,,,,,,,https://r2.thesportsdb.com/images/media/event/thumb/udx3701712659513.jpg,,,,
2438413,2026-07-22 10:35:00,Round 17,CTBC Brothers,,TSG Hawks,,,18:35,SCHEDULED,,,,,,,,https://www.thesportsdb.com/images/media/event/thumb/1rj0lx1775241037.jpg,,,,
2438414,2026-07-22 10:35:00,Round 17,Uni-President Lions,,Fubon Guardians,,,18:35,SCHEDULED,,,,,,,,https://r2.thesportsdb.com/images/media/event/thumb/p7sgxb1712659516.jpg,,,,
2438415,2026-07-22 10:35:00,Round 17,Wei Chuan Dragons,,Rakuten Monkeys,,,18:35,SCHEDULED,,,,,,,,https://r2.thesportsdb.com/images/media/event/thumb/udx3701712659513.jpg,,,,
2438416,2026-07-23 10:35:00,Round 17,Uni-President Lions,,Fubon Guardians,,,18:35,SCHEDULED,,,,,,,,https://r2.thesportsdb.com/images/media/event/thumb/p7sgxb1712659516.jpg,,,,
2438417,2026-07-24 10:35:00,Round 17,TSG Hawks,,Wei Chuan Dragons,,,18:35,SCHEDULED,,,,,,,,https://www.thesportsdb.com/images/media/event/thumb/y7jbxp1775241038.jpg,,,,
2438418,2026-07-24 10:35:00,Round 17,Rakuten Monkeys,,Fubon Guardians,,,18:35,SCHEDULED,,,,,,,,https://r2.thesportsdb.com/images/media/event/thumb/cw41ci1712659519.jpg,,,,
2438419,2026-07-24 10:35:00,Round 17,CTBC Brothers,,Uni-President Lions,,,18:35,SCHEDULED,,,,,,,,https://r2.thesportsdb.com/images/media/event/thumb/1z4q9v1712659527.jpg,,,,
2438420,2026-07-25 08:05:00,Round 17,TSG Hawks,,Wei Chuan Dragons,,,16:05,SCHEDULED,,,,,,,,https://www.thesportsdb.com/images/media/event/thumb/nuqv601775241039.jpg,,,,
2438421,2026-07-25 09:05:00,Round 17,CTBC Brothers,,Uni-President Lions,,,17:05,SCHEDULED,,,,,,,,https://r2.thesportsdb.com/images/media/event/thumb/1z4q9v1712659527.jpg,,,,
2438422,2026-07-25 09:05:00,Round 17,Rakuten Monkeys,,Fubon Guardians,,,17:05,SCHEDULED,,,,,,,,https://r2.thesportsdb.com/images/media/event/thumb/cw41ci1712659519.jpg,,,,
2438423,2026-07-26 08:05:00,Round 17,TSG Hawks,,Wei Chuan Dragons,,,16:05,SCHEDULED,,,,,,,,https://www.thesportsdb.com/images/media/event/thumb/f9gxif1775241040.jpg,,,,
2438424,2026-07-26 09:05:00,Round 17,CTBC Brothers,,Uni-President Lions,,,17:05,SCHEDULED,,,,,,,,https://r2.thesportsdb.com/images/media/event/thumb/1z4q9v1712659527.jpg,,,,
2438425,2026-07-26 09:05:00,Round 17,Rakuten Monkeys,,Fubon Guardians,,,17:05,SCHEDULED,,,,,,,,https://r2.thesportsdb.com/images/media/event/thumb/cw41ci1712659519.jpg,,,,
2438426,2026-07-28 10:35:00,Round 18,Fubon Guardians,,Wei Chuan Dragons,,,18:35,SCHEDULED,,,,,,,,https://r2.thesportsdb.com/images/media/event/thumb/u5uxeq1712659524.jpg,,,,
2438427,2026-07-28 10:35:00,Round 18,Uni-President Lions,,TSG Hawks,,,18:35,SCHEDULED,,,,,,,,https://www.thesportsdb.com/images/media/event/thumb/5437jo1775241041.jpg,,,,
2438428,2026-07-29 10:35:00,Round 18,Uni-President Lions,,TSG Hawks,,,18:35,SCHEDULED,,,,,,,,https://www.thesportsdb.com/images/media/event/thumb/cd1cik1775241042.jpg,,,,
2438429,2026-07-29 10:35:00,Round 18,Rakuten Monkeys,,CTBC Brothers,,,18:35,SCHEDULED,,,,,,,,https://r2.thesportsdb.com/images/media/event/thumb/e1mwnh1712659604.jpg,,,,
2438430,2026-07-29 10:35:00,Round 18,Fubon Guardians,,Wei Chuan Dragons,,,18:35,SCHEDULED,,,,,,,,https://r2.thesportsdb.com/images/media/event/thumb/u5uxeq1712659524.jpg,,,,
2438431,2026-07-30 10:35:00,Round 18,Rakuten Monkeys,,CTBC Brothers,,,18:35,SCHEDULED,,,,,,,,https://r2.thesportsdb.com/images/media/event/thumb/e1mwnh1712659604.jpg,,,,
2438432,2026-07-31 10:35:00,Round 18,Fubon Guardians,,TSG Hawks,,,18:35,SCHEDULED,,,,,,,,https://www.thesportsdb.com/images/media/event/thumb/hygedz1775241043.jpg,,,,
2438433,2026-07-31 10:35:00,Round 18,Uni-President Lions,,Rakuten Monkeys,,,18:35,SCHEDULED,,,,,,,,https://r2.thesportsdb.com/images/media/event/thumb/0jhrmu1712659534.jpg,,,,
2438434,2026-07-31 10:35:00,Round 18,Wei Chuan Dragons,,CTBC Brothers,,,18:35,SCHEDULED,,,,,,,,https://r2.thesportsdb.com/images/media/event/thumb/b8xtw51712659533.jpg,,,,
2438435,2026-08-01 08:05:00,Round 18,Uni-President Lions,,Rakuten Monkeys,,,16:05,SCHEDULED,,,,,,,,https://r2.thesportsdb.com/images/media/event/thumb/0jhrmu1712659534.jpg,,,,
2438436,2026-08-01 09:05:00,Round 18,Fubon Guardians,,TSG Hawks,,,17:05,SCHEDULED,,,,,,,,https://www.thesportsdb.com/images/media/event/thumb/q8nh4m1775241044.jpg,,,,
2438437,2026-08-01 09:05:00,Round 18,Wei Chuan Dragons,,CTBC Brothers,,,17:05,SCHEDULED,,,,,,,,https://r2.thesportsdb.com/images/media/event/thumb/b8xtw51712659533.jpg,,,,
2438438,2026-08-02 07:05:00,Round 18,Wei Chuan Dragons,,CTBC Brothers,,,15:05,SCHEDULED,,,,,,,,https://r2.thesportsdb.com/images/media/event/thumb/b8xtw51712659533.jpg,,,,
2438439,2026-08-02 08:05:00,Round 18,Uni-President Lions,,Rakuten Monkeys,,,16:05,SCHEDULED,,,,,,,,https://r2.thesportsdb.com/images/media/event/thumb/0jhrmu1712659534.jpg,,,,
2438440,2026-08-02 09:05:00,Round 18,Fubon Guardians,,TSG Hawks,,,17:05,SCHEDULED,,,,,,,,https://www.thesportsdb.com/images/media/event/thumb/3765vl1775241045.jpg,,,,
2438441,2026-08-04 10:35:00,Round 19,CTBC Brothers,,Fubon Guardians,,,18:35,SCHEDULED,,,,,,,,https://r2.thesportsdb.com/images/media/event/thumb/me3dno1712659534.jpg,,,,
2438442,2026-08-04 10:35:00,Round 19,TSG Hawks,,Rakuten Monkeys,,,18:35,SCHEDULED,,,,,,,,https://www.thesportsdb.com/images/media/event/thumb/xnlb0l1775241046.jpg,,,,
2438443,2026-08-05 10:35:00,Round 19,CTBC Brothers,,Fubon Guardians,,,18:35,SCHEDULED,,,,,,,,https://r2.thesportsdb.com/images/media/event/thumb/me3dno1712659534.jpg,,,,
2438444,2026-08-05 10:35:00,Round 19,TSG Hawks,,Rakuten Monkeys,,,18:35,SCHEDULED,,,,,,,,https://www.thesportsdb.com/images/media/event/thumb/lf2dn11775241047.jpg,,,,
2438445,2026-08-05 10:35:00,Round 19,Wei Chuan Dragons,,Uni-President Lions,,,18:35,SCHEDULED,,,,,,,,https://r2.thesportsdb.com/images/media/event/thumb/ccgdjf1712659602.jpg,,,,
2438446,2026-08-06 10:35:00,Round 19,Wei Chuan Dragons,,Uni-President Lions,,,18:35,SCHEDULED,,,,,,,,https://r2.thesportsdb.com/images/media/event/thumb/ccgdjf1712659602.jpg,,,,
2438447,2026-08-07 10:35:00,Round 19,Fubon Guardians,,Uni-President Lions,,,18:35,SCHEDULED,,,,,,,,https://r2.thesportsdb.com/images/media/event/thumb/dubti11712659539.jpg,,,,
2438448,2026-08-07 10:35:00,Round 19,Rakuten Monkeys,,Wei Chuan Dragons,,,18:35,SCHEDULED,,,,,,,,https://r2.thesportsdb.com/images/media/event/thumb/s3n4sz1712659536.jpg,,,,
2438449,2026-08-07 10:35:00,Round 19,TSG Hawks,,CTBC Brothers,,,18:35,SCHEDULED,,,,,,,,https://www.thesportsdb.com/images/media/event/thumb/di76p61775241048.jpg,,,,
2438450,2026-08-08 08:05:00,Round 19,TSG Hawks,,CTBC Brothers,,,16:05,SCHEDULED,,,,,,,,https://www.thesportsdb.com/images/media/event/thumb/j17jer1775241049.jpg,,,,
2438451,2026-08-08 09:05:00,Round 19,Fubon Guardians,,Uni-President Lions,,,17:05,SCHEDULED,,,,,,,,https://r2.thesportsdb.com/images/media/event/thumb/dubti11712659539.jpg,,,,
2438452,2026-08-08 09:05:00,Round 19,Rakuten Monkeys,,Wei Chuan Dragons,,,17:05,SCHEDULED,,,,,,,,https://r2.thesportsdb.com/images/media/event/thumb/s3n4sz1712659536.jpg,,,,
2438453,2026-08-09 08:05:00,Round 19,TSG Hawks,,CTBC Brothers,,,16:05,SCHEDULED,,,,,,,,https://www.thesportsdb.com/images/media/event/thumb/tpthw11775241050.jpg,,,,
2438454,2026-08-09 09:05:00,Round 19,Fubon Guardians,,Uni-President Lions,,,17:05,SCHEDULED,,,,,,,,https://r2.thesportsdb.com/images/media/event/thumb/dubti11712659539.jpg,,,,
2438455,2026-08-09 09:05:00,Round 19,Rakuten Monkeys,,Wei Chuan Dragons,,,17:05,SCHEDULED,,,,,,,,https://r2.thesportsdb.com/images/media/event/thumb/s3n4sz1712659536.jpg,,,,
2438456,2026-08-11 10:35:00,Round 20,TSG Hawks,,Wei Chuan Dragons,,,18:35,SCHEDULED,,,,,,,,https://www.thesportsdb.com/images/media/event/thumb/qarrb01775241051.jpg,,,,
2438457,2026-08-11 10:35:00,Round 20,Uni-President Lions,,Rakuten Monkeys,,,18:35,SCHEDULED,,,,,,,,https://r2.thesportsdb.com/images/media/event/thumb/0jhrmu1712659534.jpg,,,,
2438458,2026-08-12 10:35:00,Round 20,Fubon Guardians,,CTBC Brothers,,,18:35,SCHEDULED,,,,,,,,https://r2.thesportsdb.com/images/media/event/thumb/cmjt7a1712659539.jpg,,,,
2438459,2026-08-12 10:35:00,Round 20,TSG Hawks,,Wei Chuan Dragons,,,18:35,SCHEDULED,,,,,,,,https://www.thesportsdb.com/images/media/event/thumb/e25xhv1775241052.jpg,,,,
2438460,2026-08-12 10:35:00,Round 20,Uni-President Lions,,Rakuten Monkeys,,,18:35,SCHEDULED,,,,,,,,https://r2.thesportsdb.com/images/media/event/thumb/0jhrmu1712659534.jpg,,,,
2438461,2026-08-13 10:35:00,Round 20,Fubon Guardians,,CTBC Brothers,,,18:35,SCHEDULED,,,,,,,,https://r2.thesportsdb.com/images/media/event/thumb/cmjt7a1712659539.jpg,,,,
2438462,2026-08-14 10:35:00,Round 20,Wei Chuan Dragons,,Rakuten Monkeys,,,18:35,SCHEDULED,,,,,,,,https://r2.thesportsdb.com/images/media/event/thumb/udx3701712659513.jpg,,,,
2438463,2026-08-14 10:35:00,Round 20,Uni-President Lions,,Fubon Guardians,,,18:35,SCHEDULED,,,,,,,,https://r2.thesportsdb.com/images/media/event/thumb/p7sgxb1712659516.jpg,,,,
2438464,2026-08-14 10:35:00,Round 20,CTBC Brothers,,TSG Hawks,,,18:35,SCHEDULED,,,,,,,,https://www.thesportsdb.com/images/media/event/thumb/69xi671775241053.jpg,,,,
2438465,2026-08-15 08:05:00,Round 20,Uni-President Lions,,Fubon Guardians,,,16:05,SCHEDULED,,,,,,,,https://r2.thesportsdb.com/images/media/event/thumb/p7sgxb1712659516.jpg,,,,
2438466,2026-08-15 09:05:00,Round 20,CTBC Brothers,,TSG Hawks,,,17:05,SCHEDULED,,,,,,,,https://www.thesportsdb.com/images/media/event/thumb/r6zerq1775241054.jpg,,,,
2438467,2026-08-15 09:05:00,Round 20,Wei Chuan Dragons,,Rakuten Monkeys,,,17:05,SCHEDULED,,,,,,,,https://r2.thesportsdb.com/images/media/event/thumb/udx3701712659513.jpg,,,,
2438468,2026-08-16 07:05:00,Round 20,Wei Chuan Dragons,,Rakuten Monkeys,,,15:05,SCHEDULED,,,,,,,,https://r2.thesportsdb.com/images/media/event/thumb/udx3701712659513.jpg,,,,
2438469,2026-08-16 08:05:00,Round 20,Uni-President Lions,,Fubon Guardians,,,16:05,SCHEDULED,,,,,,,,https://r2.thesportsdb.com/images/media/event/thumb/p7sgxb1712659516.jpg,,,,
2438470,2026-08-16 09:05:00,Round 20,CTBC Brothers,,TSG Hawks,,,17:05,SCHEDULED,,,,,,,,https://www.thesportsdb.com/images/media/event/thumb/4vf3fk1775241055.jpg,,,,
2438471,2026-08-18 10:35:00,Round 21,Rakuten Monkeys,,Fubon Guardians,,,18:35,SCHEDULED,,,,,,,,https://r2.thesportsdb.com/images/media/event/thumb/cw41ci1712659519.jpg,,,,
2438472,2026-08-18 10:35:00,Round 21,TSG Hawks,,Uni-President Lions,,,18:35,SCHEDULED,,,,,,,,https://www.thesportsdb.com/images/media/event/thumb/35xz2w1775241056.jpg,,,,
2438473,2026-08-19 10:35:00,Round 21,Wei Chuan Dragons,,CTBC Brothers,,,18:35,SCHEDULED,,,,,,,,https://r2.thesportsdb.com/images/media/event/thumb/b8xtw51712659533.jpg,,,,
2438474,2026-08-19 10:35:00,Round 21,TSG Hawks,,Uni-President Lions,,,18:35,SCHEDULED,,,,,,,,https://www.thesportsdb.com/images/media/event/thumb/0qni911775241057.jpg,,,,
2438475,2026-08-19 10:35:00,Round 21,Rakuten Monkeys,,Fubon Guardians,,,18:35,SCHEDULED,,,,,,,,https://r2.thesportsdb.com/images/media/event/thumb/cw41ci1712659519.jpg,,,,
2438476,2026-08-20 10:35:00,Round 21,Wei Chuan Dragons,,CTBC Brothers,,,18:35,SCHEDULED,,,,,,,,https://r2.thesportsdb.com/images/media/event/thumb/b8xtw51712659533.jpg,,,,
2438477,2026-08-21 10:35:00,Round 21,Fubon Guardians,,Wei Chuan Dragons,,,18:35,SCHEDULED,,,,,,,,https://r2.thesportsdb.com/images/media/event/thumb/u5uxeq1712659524.jpg,,,,
2438478,2026-08-21 10:35:00,Round 21,TSG Hawks,,Rakuten Monkeys,,,18:35,SCHEDULED,,,,,,,,https://www.thesportsdb.com/images/media/event/thumb/r083re1775241058.jpg,,,,
2438479,2026-08-21 10:35:00,Round 21,Uni-President Lions,,CTBC Brothers,,,18:35,SCHEDULED,,,,,,,,https://r2.thesportsdb.com/images/media/event/thumb/8vqs4a1712659537.jpg,,,,
2438480,2026-08-22 08:05:00,Round 21,TSG Hawks,,Rakuten Monkeys,,,16:05,SCHEDULED,,,,,,,,https://www.thesportsdb.com/images/media/event/thumb/0yr9yv1775241060.jpg,,,,
2438481,2026-08-22 08:05:00,Round 21,Uni-President Lions,,CTBC Brothers,,,16:05,SCHEDULED,,,,,,,,https://r2.thesportsdb.com/images/media/event/thumb/8vqs4a1712659537.jpg,,,,
2438482,2026-08-22 09:05:00,Round 21,Fubon Guardians,,Wei Chuan Dragons,,,17:05,SCHEDULED,,,,,,,,https://r2.thesportsdb.com/images/media/event/thumb/u5uxeq1712659524.jpg,,,,
2438483,2026-08-23 08:05:00,Round 21,TSG Hawks,,Rakuten Monkeys,,,16:05,SCHEDULED,,,,,,,,https://www.thesportsdb.com/images/media/event/thumb/6zvped1775241061.jpg,,,,
2438484,2026-08-23 08:05:00,Round 21,Uni-President Lions,,CTBC Brothers,,,16:05,SCHEDULED,,,,,,,,https://r2.thesportsdb.com/images/media/event/thumb/8vqs4a1712659537.jpg,,,,
2438485,2026-08-23 09:05:00,Round 21,Fubon Guardians,,Wei Chuan Dragons,,,17:05,SCHEDULED,,,,,,,,https://r2.thesportsdb.com/images/media/event/thumb/u5uxeq1712659524.jpg,,,,
2438486,2026-08-25 10:35:00,Round 22,CTBC Brothers,,Rakuten Monkeys,,,18:35,SCHEDULED,,,,,,,,https://r2.thesportsdb.com/images/media/event/thumb/jt9ui71712659516.jpg,,,,
2438487,2026-08-25 10:35:00,Round 22,Uni-President Lions,,Wei Chuan Dragons,,,18:35,SCHEDULED,,,,,,,,https://r2.thesportsdb.com/images/media/event/thumb/l2ne001712659508.jpg,,,,
2438488,2026-08-26 10:35:00,Round 22,CTBC Brothers,,Rakuten Monkeys,,,18:35,SCHEDULED,,,,,,,,https://r2.thesportsdb.com/images/media/event/thumb/jt9ui71712659516.jpg,,,,
2438489,2026-08-26 10:35:00,Round 22,Fubon Guardians,,TSG Hawks,,,18:35,SCHEDULED,,,,,,,,https://www.thesportsdb.com/images/media/event/thumb/0gvsdb1775241062.jpg,,,,
2438490,2026-08-26 10:35:00,Round 22,Uni-President Lions,,Wei Chuan Dragons,,,18:35,SCHEDULED,,,,,,,,https://r2.thesportsdb.com/images/media/event/thumb/l2ne001712659508.jpg,,,,
2438491,2026-08-27 10:35:00,Round 22,Fubon Guardians,,TSG Hawks,,,18:35,SCHEDULED,,,,,,,,https://www.thesportsdb.com/images/media/event/thumb/beg6js1775241062.jpg,,,,
2438492,2026-08-28 10:35:00,Round 22,CTBC Brothers,,Fubon Guardians,,,18:35,SCHEDULED,,,,,,,,https://r2.thesportsdb.com/images/media/event/thumb/me3dno1712659534.jpg,,,,
2438493,2026-08-28 10:35:00,Round 22,Rakuten Monkeys,,Uni-President Lions,,,18:35,SCHEDULED,,,,,,,,https://r2.thesportsdb.com/images/media/event/thumb/nf3jpm1712659540.jpg,,,,
2438494,2026-08-28 10:35:00,Round 22,Wei Chuan Dragons,,TSG Hawks,,,18:35,SCHEDULED,,,,,,,,https://www.thesportsdb.com/images/media/event/thumb/egtdrn1775241063.jpg,,,,
2438495,2026-08-29 09:05:00,Round 22,Wei Chuan Dragons,,TSG Hawks,,,17:05,SCHEDULED,,,,,,,,https://www.thesportsdb.com/images/media/event/thumb/4ufcvm1775241064.jpg,,,,
2438496,2026-08-29 09:05:00,Round 22,Rakuten Monkeys,,Uni-President Lions,,,17:05,SCHEDULED,,,,,,,,https://r2.thesportsdb.com/images/media/event/thumb/nf3jpm1712659540.jpg,,,,
2438497,2026-08-29 09:05:00,Round 22,CTBC Brothers,,Fubon Guardians,,,17:05,SCHEDULED,,,,,,,,https://r2.thesportsdb.com/images/media/event/thumb/me3dno1712659534.jpg,,,,
2438498,2026-08-30 08:05:00,Round 22,Wei Chuan Dragons,,TSG Hawks,,,16:05,SCHEDULED,,,,,,,,https://www.thesportsdb.com/images/media/event/thumb/3ejlc01775241065.jpg,,,,
2438499,2026-08-30 09:05:00,Round 22,CTBC Brothers,,Fubon Guardians,,,17:05,SCHEDULED,,,,,,,,https://r2.thesportsdb.com/images/media/event/thumb/me3dno1712659534.jpg,,,,
2438500,2026-08-30 09:05:00,Round 22,Rakuten Monkeys,,Uni-President Lions,,,17:05,SCHEDULED,,,,,,,,https://r2.thesportsdb.com/images/media/event/thumb/nf3jpm1712659540.jpg,,,,
2438501,2026-09-01 10:35:00,Round 23,Fubon Guardians,,Uni-President Lions,,,18:35,SCHEDULED,,,,,,,,https://r2.thesportsdb.com/images/media/event/thumb/dubti11712659539.jpg,,,,
2438502,2026-09-01 10:35:00,Round 23,TSG Hawks,,CTBC Brothers,,,18:35,SCHEDULED,,,,,,,,https://www.thesportsdb.com/images/media/event/thumb/4gyvg01775241066.jpg,,,,
2438503,2026-09-02 10:35:00,Round 23,Fubon Guardians,,Uni-President Lions,,,18:35,SCHEDULED,,,,,,,,https://r2.thesportsdb.com/images/media/event/thumb/dubti11712659539.jpg,,,,
2438504,2026-09-02 10:35:00,Round 23,Rakuten Monkeys,,Wei Chuan Dragons,,,18:35,SCHEDULED,,,,,,,,https://r2.thesportsdb.com/images/media/event/thumb/s3n4sz1712659536.jpg,,,,
2438505,2026-09-02 10:35:00,Round 23,TSG Hawks,,CTBC Brothers,,,18:35,SCHEDULED,,,,,,,,https://www.thesportsdb.com/images/media/event/thumb/qwctnv1775241067.jpg,,,,
2438506,2026-09-03 10:35:00,Round 23,Rakuten Monkeys,,Wei Chuan Dragons,,,18:35,SCHEDULED,,,,,,,,https://r2.thesportsdb.com/images/media/event/thumb/s3n4sz1712659536.jpg,,,,
2438507,2026-09-04 10:35:00,Round 23,Uni-President Lions,,TSG Hawks,,,18:35,SCHEDULED,,,,,,,,https://www.thesportsdb.com/images/media/event/thumb/a64j7t1775241068.jpg,,,,
2438508,2026-09-04 10:35:00,Round 23,CTBC Brothers,,Wei Chuan Dragons,,,18:35,SCHEDULED,,,,,,,,https://r2.thesportsdb.com/images/media/event/thumb/r7fgxi1712659538.jpg,,,,
2438509,2026-09-04 10:35:00,Round 23,Fubon Guardians,,Rakuten Monkeys,,,18:35,SCHEDULED,,,,,,,,https://r2.thesportsdb.com/images/media/event/thumb/gwf44t1712659602.jpg,,,,
2438510,2026-09-05 08:05:00,Round 23,Uni-President Lions,,TSG Hawks,,,16:05,SCHEDULED,,,,,,,,https://www.thesportsdb.com/images/media/event/thumb/vwem3o1775241069.jpg,,,,
2438511,2026-09-05 09:05:00,Round 23,CTBC Brothers,,Wei Chuan Dragons,,,17:05,SCHEDULED,,,,,,,,https://r2.thesportsdb.com/images/media/event/thumb/r7fgxi1712659538.jpg,,,,
2438512,2026-09-05 09:05:00,Round 23,Fubon Guardians,,Rakuten Monkeys,,,17:05,SCHEDULED,,,,,,,,https://r2.thesportsdb.com/images/media/event/thumb/gwf44t1712659602.jpg,,,,
2438513,2026-09-06 08:05:00,Round 23,Fubon Guardians,,Rakuten Monkeys,,,16:05,SCHEDULED,,,,,,,,https://r2.thesportsdb.com/images/media/event/thumb/gwf44t1712659602.jpg,,,,
2438514,2026-09-06 08:05:00,Round 23,Uni-President Lions,,TSG Hawks,,,16:05,SCHEDULED,,,,,,,,https://www.thesportsdb.com/images/media/event/thumb/s5hf7g1775241070.jpg,,,,
2438515,2026-09-06 09:05:00,Round 23,CTBC Brothers,,Wei Chuan Dragons,,,17:05,SCHEDULED,,,,,,,,https://r2.thesportsdb.com/images/media/event/thumb/r7fgxi1712659538.jpg,,,,
2438516,2026-09-08 10:35:00,Round 24,Rakuten Monkeys,,TSG Hawks,,,18:35,SCHEDULED,,,,,,,,https://www.thesportsdb.com/images/media/event/thumb/xlde8r1775241071.jpg,,,,
2438517,2026-09-08 10:35:00,Round 24,Wei Chuan Dragons,,Fubon Guardians,,,18:35,SCHEDULED,,,,,,,,https://r2.thesportsdb.com/images/media/event/thumb/gz6l981712659605.jpg,,,,
2438518,2026-09-09 10:35:00,Round 24,Wei Chuan Dragons,,Fubon Guardians,,,18:35,SCHEDULED,,,,,,,,https://r2.thesportsdb.com/images/media/event/thumb/gz6l981712659605.jpg,,,,
2438519,2026-09-09 10:35:00,Round 24,Rakuten Monkeys,,TSG Hawks,,,18:35,SCHEDULED,,,,,,,,https://www.thesportsdb.com/images/media/event/thumb/v6y9pv1775241072.jpg,,,,
2438520,2026-09-09 10:35:00,Round 24,CTBC Brothers,,Uni-President Lions,,,18:35,SCHEDULED,,,,,,,,https://r2.thesportsdb.com/images/media/event/thumb/1z4q9v1712659527.jpg,,,,
2438521,2026-09-10 10:35:00,Round 24,CTBC Brothers,,Uni-President Lions,,,18:35,SCHEDULED,,,,,,,,https://r2.thesportsdb.com/images/media/event/thumb/1z4q9v1712659527.jpg,,,,
2438522,2026-09-11 10:35:00,Round 24,Rakuten Monkeys,,CTBC Brothers,,,18:35,SCHEDULED,,,,,,,,https://r2.thesportsdb.com/images/media/event/thumb/e1mwnh1712659604.jpg,,,,
2438523,2026-09-11 10:35:00,Round 24,TSG Hawks,,Fubon Guardians,,,18:35,SCHEDULED,,,,,,,,https://www.thesportsdb.com/images/media/event/thumb/n9umat1775241073.jpg,,,,
2438524,2026-09-11 10:35:00,Round 24,Wei Chuan Dragons,,Uni-President Lions,,,18:35,SCHEDULED,,,,,,,,https://r2.thesportsdb.com/images/media/event/thumb/ccgdjf1712659602.jpg,,,,
2438525,2026-09-12 08:05:00,Round 24,TSG Hawks,,Fubon Guardians,,,16:05,SCHEDULED,,,,,,,,https://www.thesportsdb.com/images/media/event/thumb/9ydmqq1775241074.jpg,,,,
2438526,2026-09-12 09:05:00,Round 24,Rakuten Monkeys,,CTBC Brothers,,,17:05,SCHEDULED,,,,,,,,https://r2.thesportsdb.com/images/media/event/thumb/e1mwnh1712659604.jpg,,,,
2438527,2026-09-12 09:05:00,Round 24,Wei Chuan Dragons,,Uni-President Lions,,,17:05,SCHEDULED,,,,,,,,https://r2.thesportsdb.com/images/media/event/thumb/ccgdjf1712659602.jpg,,,,
2438528,2026-09-13 08:05:00,Round 24,TSG Hawks,,Fubon Guardians,,,16:05,SCHEDULED,,,,,,,,https://www.thesportsdb.com/images/media/event/thumb/5oqm5u1775241075.jpg,,,,
2438529,2026-09-13 08:05:00,Round 24,Wei Chuan Dragons,,Uni-President Lions,,,16:05,SCHEDULED,,,,,,,,https://r2.thesportsdb.com/images/media/event/thumb/ccgdjf1712659602.jpg,,,,
2438530,2026-09-13 09:05:00,Round 24,Rakuten Monkeys,,CTBC Brothers,,,17:05,SCHEDULED,,,,,,,,https://r2.thesportsdb.com/images/media/event/thumb/e1mwnh1712659604.jpg,,,,
2438531,2026-09-15 10:35:00,Round 25,TSG Hawks,,CTBC Brothers,,,18:35,SCHEDULED,,,,,,,,https://www.thesportsdb.com/images/media/event/thumb/drxugj1775241076.jpg,,,,
2438532,2026-09-15 10:35:00,Round 25,Uni-President Lions,,Rakuten Monkeys,,,18:35,SCHEDULED,,,,,,,,https://r2.thesportsdb.com/images/media/event/thumb/0jhrmu1712659534.jpg,,,,
2438533,2026-09-16 10:35:00,Round 25,Wei Chuan Dragons,,Fubon Guardians,,,18:35,SCHEDULED,,,,,,,,https://r2.thesportsdb.com/images/media/event/thumb/gz6l981712659605.jpg,,,,
2438534,2026-09-17 10:35:00,Round 25,CTBC Brothers,,Uni-President Lions,,,18:35,SCHEDULED,,,,,,,,https://r2.thesportsdb.com/images/media/event/thumb/1z4q9v1712659527.jpg,,,,
2438535,2026-09-17 10:35:00,Round 25,Fubon Guardians,,Rakuten Monkeys,,,18:35,SCHEDULED,,,,,,,,https://r2.thesportsdb.com/images/media/event/thumb/gwf44t1712659602.jpg,,,,
2438536,2026-09-17 10:35:00,Round 25,Wei Chuan Dragons,,TSG Hawks,,,18:35,SCHEDULED,,,,,,,,https://www.thesportsdb.com/images/media/event/thumb/cxlhk01775241077.jpg,,,,
2438537,2026-09-18 10:35:00,Round 25,CTBC Brothers,,Uni-President Lions,,,18:35,SCHEDULED,,,,,,,,https://r2.thesportsdb.com/images/media/event/thumb/1z4q9v1712659527.jpg,,,,
2438538,2026-09-18 10:35:00,Round 25,Fubon Guardians,,Rakuten Monkeys,,,18:35,SCHEDULED,,,,,,,,https://r2.thesportsdb.com/images/media/event/thumb/gwf44t1712659602.jpg,,,,
2438539,2026-09-18 10:35:00,Round 25,Wei Chuan Dragons,,TSG Hawks,,,18:35,SCHEDULED,,,,,,,,https://www.thesportsdb.com/images/media/event/thumb/hbct5x1775241078.jpg,,,,
2438540,2026-09-19 08:05:00,Round 25,Uni-President Lions,,Fubon Guardians,,,16:05,SCHEDULED,,,,,,,,https://r2.thesportsdb.com/images/media/event/thumb/p7sgxb1712659516.jpg,,,,
2438541,2026-09-19 09:05:00,Round 25,CTBC Brothers,,Wei Chuan Dragons,,,17:05,SCHEDULED,,,,,,,,https://r2.thesportsdb.com/images/media/event/thumb/r7fgxi1712659538.jpg,,,,
2438542,2026-09-19 09:05:00,Round 25,Rakuten Monkeys,,TSG Hawks,,,17:05,SCHEDULED,,,,,,,,https://www.thesportsdb.com/images/media/event/thumb/kuoj2i1775241079.jpg,,,,
2438543,2026-09-20 07:05:00,Round 25,CTBC Brothers,,Wei Chuan Dragons,,,15:05,SCHEDULED,,,,,,,,https://r2.thesportsdb.com/images/media/event/thumb/r7fgxi1712659538.jpg,,,,
2438544,2026-09-20 08:05:00,Round 25,Uni-President Lions,,Fubon Guardians,,,16:05,SCHEDULED,,,,,,,,https://r2.thesportsdb.com/images/media/event/thumb/p7sgxb1712659516.jpg,,,,
2438545,2026-09-20 09:05:00,Round 25,Rakuten Monkeys,,TSG Hawks,,,17:05,SCHEDULED,,,,,,,,https://www.thesportsdb.com/images/media/event/thumb/246s851775241080.jpg,,,,
2438546,2026-09-24 10:35:00,Round 26,Rakuten Monkeys,,CTBC Brothers,,,18:35,SCHEDULED,,,,,,,,https://r2.thesportsdb.com/images/media/event/thumb/e1mwnh1712659604.jpg,,,,
2438547,2026-09-24 10:35:00,Round 26,TSG Hawks,,Fubon Guardians,,,18:35,SCHEDULED,,,,,,,,https://www.thesportsdb.com/images/media/event/thumb/wklx921775241081.jpg,,,,
2438548,2026-09-24 10:35:00,Round 26,Uni-President Lions,,Wei Chuan Dragons,,,18:35,SCHEDULED,,,,,,,,https://r2.thesportsdb.com/images/media/event/thumb/l2ne001712659508.jpg,,,,
2438549,2026-09-25 08:05:00,Round 26,TSG Hawks,,Fubon Guardians,,,16:05,SCHEDULED,,,,,,,,https://www.thesportsdb.com/images/media/event/thumb/llg4nj1775241082.jpg,,,,
2438550,2026-09-25 08:05:00,Round 26,Uni-President Lions,,Wei Chuan Dragons,,,16:05,SCHEDULED,,,,,,,,https://r2.thesportsdb.com/images/media/event/thumb/l2ne001712659508.jpg,,,,
2438551,2026-09-25 09:05:00,Round 26,Rakuten Monkeys,,CTBC Brothers,,,17:05,SCHEDULED,,,,,,,,https://r2.thesportsdb.com/images/media/event/thumb/e1mwnh1712659604.jpg,,,,
2457028,2026-09-26 08:05:00,Round 26,TSG Hawks,,Uni-President Lions,,,16:05,SCHEDULED,,,,,,,,https://www.thesportsdb.com/images/media/event/thumb/iazbhd1775241083.jpg,,,,
2457029,2026-09-26 09:05:00,Round 26,Fubon Guardians,,CTBC Brothers,,,17:05,SCHEDULED,,,,,,,,https://r2.thesportsdb.com/images/media/event/thumb/cmjt7a1712659539.jpg,,,,
2457030,2026-09-26 09:05:00,Round 26,Wei Chuan Dragons,,Rakuten Monkeys,,,17:05,SCHEDULED,,,,,,,,https://r2.thesportsdb.com/images/media/event/thumb/udx3701712659513.jpg,,,,
2457031,2026-09-27 07:05:00,Round 26,TSG Hawks,,Uni-President Lions,,,15:05,SCHEDULED,,,,,,,,https://www.thesportsdb.com/images/media/event/thumb/jonkdc1775241084.jpg,,,,
2457032,2026-09-27 08:05:00,Round 26,Wei Chuan Dragons,,Rakuten Monkeys,,,16:05,SCHEDULED,,,,,,,,https://r2.thesportsdb.com/images/media/event/thumb/udx3701712659513.jpg,,,,
2457033,2026-09-27 09:05:00,Round 26,Fubon Guardians,,CTBC Brothers,,,17:05,SCHEDULED,,,,,,,,https://r2.thesportsdb.com/images/media/event/thumb/cmjt7a1712659539.jpg,,,,
2457034,2026-09-28 09:05:00,Round 27,CTBC Brothers,,TSG Hawks,,,17:05,SCHEDULED,,,,,,,,https://www.thesportsdb.com/images/media/event/thumb/fwuy371775241086.jpg,,,,
2457035,2026-09-28 09:05:00,Round 27,Fubon Guardians,,Wei Chuan Dragons,,,17:05,SCHEDULED,,,,,,,,https://r2.thesportsdb.com/images/media/event/thumb/u5uxeq1712659524.jpg,,,,
2457036,2026-09-28 09:05:00,Round 27,Rakuten Monkeys,,Uni-President Lions,,,17:05,SCHEDULED,,,,,,,,https://r2.thesportsdb.com/images/media/event/thumb/nf3jpm1712659540.jpg,,,,
