idEvent,strTimestamp,Round,Home Team,Home Score,Away Team,Away Score,Venue,DisplayTime
kbo-2026-2026-04-01-1,2026-04-01 18:30:00,Regular Season,LG Twins,7,KIA Tigers,2,Jamsil,18:30
kbo-2026-2026-04-01-2,2026-04-01 18:30:00,Regular Season,SSG Landers,2,Kiwoom Heroes,11,Munhak,18:30
kbo-2026-2026-04-01-3,2026-04-01 18:30:00,Regular Season,Samsung Lions,13,Doosan Bears,3,Daegu,18:30
kbo-2026-2026-04-01-4,2026-04-01 18:30:00,Regular Season,NC Dinos,5,Lotte Giants,4,Changwon,18:30
kbo-2026-2026-04-01-5,2026-04-01 18:30:00,Regular Season,Hanwha Eagles,11,KT Wiz,14,Daejeon,18:30
kbo-2026-2026-04-02-1,2026-04-02 18:30:00,Regular Season,LG Twins,2,KIA Tigers,1,Jamsil,18:30
kbo-2026-2026-04-02-2,2026-04-02 18:30:00,Regular Season,SSG Landers,11,Kiwoom Heroes,1,Munhak,18:30
kbo-2026-2026-04-02-3,2026-04-02 18:30:00,Regular Season,Samsung Lions,5,Doosan Bears,2,Daegu,18:30
kbo-2026-2026-04-02-4,2026-04-02 18:30:00,Regular Season,NC Dinos,8,Lotte Giants,4,Changwon,18:30
kbo-2026-2026-04-02-5,2026-04-02 18:30:00,Regular Season,Hanwha Eagles,8,KT Wiz,13,Daejeon,18:30
kbo-2026-2026-04-03-1,2026-04-03 18:30:00,Regular Season,Doosan Bears,6,Hanwha Eagles,11,Jamsil,18:30
kbo-2026-2026-04-03-2,2026-04-03 18:30:00,Regular Season,Lotte Giants,2,SSG Landers,17,Sajik,18:30
kbo-2026-2026-04-03-3,2026-04-03 18:30:00,Regular Season,KT Wiz,1,Samsung Lions,2,Suwon,18:30
kbo-2026-2026-04-03-4,2026-04-03 18:30:00,Regular Season,KIA Tigers,2,NC Dinos,5,Gwangju,18:30
kbo-2026-2026-04-03-5,2026-04-03 18:30:00,Regular Season,Kiwoom Heroes,5,LG Twins,2,Gocheok Sky Dome,18:30
kbo-2026-2026-04-04-1,2026-04-04 14:00:00,Regular Season,Doosan Bears,3,Hanwha Eagles,9,Jamsil,14:00
kbo-2026-2026-04-04-2,2026-04-04 17:00:00,Regular Season,Lotte Giants,6,SSG Landers,7,Sajik,17:00
kbo-2026-2026-04-04-3,2026-04-04 17:00:00,Regular Season,KT Wiz,6,Samsung Lions,8,Suwon,17:00
kbo-2026-2026-04-04-4,2026-04-04 17:00:00,Regular Season,KIA Tigers,0,NC Dinos,6,Gwangju,17:00
kbo-2026-2026-04-04-5,2026-04-04 17:00:00,Regular Season,Kiwoom Heroes,4,LG Twins,6,Gocheok Sky Dome,17:00
kbo-2026-2026-04-05-1,2026-04-05 14:00:00,Regular Season,Doosan Bears,,Hanwha Eagles,,Jamsil,14:00
kbo-2026-2026-04-05-2,2026-04-05 14:00:00,Regular Season,Lotte Giants,,SSG Landers,,Sajik,14:00
kbo-2026-2026-04-05-3,2026-04-05 14:00:00,Regular Season,KT Wiz,,Samsung Lions,,Suwon,14:00
kbo-2026-2026-04-05-4,2026-04-05 14:00:00,Regular Season,KIA Tigers,,NC Dinos,,Gwangju,14:00
kbo-2026-2026-04-05-5,2026-04-05 14:00:00,Regular Season,Kiwoom Heroes,,LG Twins,,Gocheok Sky Dome,14:00
kbo-2026-2026-04-07-1,2026-04-07 18:30:00,Regular Season,Doosan Bears,,Kiwoom Heroes,,Jamsil,18:30
kbo-2026-2026-04-07-2,2026-04-07 18:30:00,Regular Season,SSG Landers,,Hanwha Eagles,,Munhak,18:30
kbo-2026-2026-04-07-3,2026-04-07 18:30:00,Regular Season,Lotte Giants,,KT Wiz,,Sajik,18:30
kbo-2026-2026-04-07-4,2026-04-07 18:30:00,Regular Season,NC Dinos,,LG Twins,,Changwon,18:30
kbo-2026-2026-04-07-5,2026-04-07 18:30:00,Regular Season,KIA Tigers,,Samsung Lions,,Gwangju,18:30
kbo-2026-2026-04-08-1,2026-04-08 18:30:00,Regular Season,Doosan Bears,,Kiwoom Heroes,,Jamsil,18:30
kbo-2026-2026-04-08-2,2026-04-08 18:30:00,Regular Season,SSG Landers,,Hanwha Eagles,,Munhak,18:30
kbo-2026-2026-04-08-3,2026-04-08 18:30:00,Regular Season,Lotte Giants,,KT Wiz,,Sajik,18:30
kbo-2026-2026-04-08-4,2026-04-08 18:30:00,Regular Season,NC Dinos,,LG Twins,,Changwon,18:30
kbo-2026-2026-04-08-5,2026-04-08 18:30:00,Regular Season,KIA Tigers,,Samsung Lions,,Gwangju,18:30
kbo-2026-2026-04-09-1,2026-04-09 18:30:00,Regular Season,Doosan Bears,,Kiwoom Heroes,,Jamsil,18:30
kbo-2026-2026-04-09-2,2026-04-09 18:30:00,Regular Season,SSG Landers,,Hanwha Eagles,,Munhak,18:30
kbo-2026-2026-04-09-3,2026-04-09 18:30:00,Regular Season,Lotte Giants,,KT Wiz,,Sajik,18:30
kbo-2026-2026-04-09-4,2026-04-09 18:30:00,Regular Season,NC Dinos,,LG Twins,,Changwon,18:30
kbo-2026-2026-04-09-5,2026-04-09 18:30:00,Regular Season,KIA Tigers,,Samsung Lions,,Gwangju,18:30
kbo-2026-2026-04-10-1,2026-04-10 18:30:00,Regular Season,LG Twins,,SSG Landers,,Jamsil,18:30
kbo-2026-2026-04-10-2,2026-04-10 18:30:00,Regular Season,Samsung Lions,,NC Dinos,,Daegu,18:30
kbo-2026-2026-04-10-3,2026-04-10 18:30:00,Regular Season,KT Wiz,,Doosan Bears,,Suwon,18:30
kbo-2026-2026-04-10-4,2026-04-10 18:30:00,Regular Season,Kiwoom Heroes,,Lotte Giants,,Gocheok Sky Dome,18:30
kbo-2026-2026-04-10-5,2026-04-10 18:30:00,Regular Season,Hanwha Eagles,,KIA Tigers,,Daejeon,18:30
kbo-2026-2026-04-11-1,2026-04-11 17:00:00,Regular Season,LG Twins,,SSG Landers,,Jamsil,17:00
kbo-2026-2026-04-11-2,2026-04-11 17:00:00,Regular Season,Samsung Lions,,NC Dinos,,Daegu,17:00
kbo-2026-2026-04-11-3,2026-04-11 17:00:00,Regular Season,KT Wiz,,Doosan Bears,,Suwon,17:00
kbo-2026-2026-04-11-4,2026-04-11 17:00:00,Regular Season,Kiwoom Heroes,,Lotte Giants,,Gocheok Sky Dome,17:00
kbo-2026-2026-04-11-5,2026-04-11 14:00:00,Regular Season,Hanwha Eagles,,KIA Tigers,,Daejeon,14:00
kbo-2026-2026-04-12-1,2026-04-12 14:00:00,Regular Season,LG Twins,,SSG Landers,,Jamsil,14:00
kbo-2026-2026-04-12-2,2026-04-12 14:00:00,Regular Season,Samsung Lions,,NC Dinos,,Daegu,14:00
kbo-2026-2026-04-12-3,2026-04-12 14:00:00,Regular Season,KT Wiz,,Doosan Bears,,Suwon,14:00
kbo-2026-2026-04-12-4,2026-04-12 14:00:00,Regular Season,Kiwoom Heroes,,Lotte Giants,,Gocheok Sky Dome,14:00
kbo-2026-2026-04-12-5,2026-04-12 14:00:00,Regular Season,Hanwha Eagles,,KIA Tigers,,Daejeon,14:00
kbo-2026-2026-04-14-1,2026-04-14 18:30:00,Regular Season,LG Twins,,Lotte Giants,,Jamsil,18:30
kbo-2026-2026-04-14-2,2026-04-14 18:30:00,Regular Season,SSG Landers,,Doosan Bears,,Munhak,18:30
kbo-2026-2026-04-14-3,2026-04-14 18:30:00,Regular Season,NC Dinos,,KT Wiz,,Changwon,18:30
kbo-2026-2026-04-14-4,2026-04-14 18:30:00,Regular Season,KIA Tigers,,Kiwoom Heroes,,Gwangju,18:30
kbo-2026-2026-04-14-5,2026-04-14 18:30:00,Regular Season,Hanwha Eagles,,Samsung Lions,,Daejeon,18:30
kbo-2026-2026-04-15-1,2026-04-15 18:30:00,Regular Season,LG Twins,,Lotte Giants,,Jamsil,18:30
kbo-2026-2026-04-15-2,2026-04-15 18:30:00,Regular Season,SSG Landers,,Doosan Bears,,Munhak,18:30
kbo-2026-2026-04-15-3,2026-04-15 18:30:00,Regular Season,NC Dinos,,KT Wiz,,Changwon,18:30
kbo-2026-2026-04-15-4,2026-04-15 18:30:00,Regular Season,KIA Tigers,,Kiwoom Heroes,,Gwangju,18:30
kbo-2026-2026-04-15-5,2026-04-15 18:30:00,Regular Season,Hanwha Eagles,,Samsung Lions,,Daejeon,18:30
kbo-2026-2026-04-16-1,2026-04-16 18:30:00,Regular Season,LG Twins,,Lotte Giants,,Jamsil,18:30
kbo-2026-2026-04-16-2,2026-04-16 18:30:00,Regular Season,SSG Landers,,Doosan Bears,,Munhak,18:30
kbo-2026-2026-04-16-3,2026-04-16 18:30:00,Regular Season,NC Dinos,,KT Wiz,,Changwon,18:30
kbo-2026-2026-04-16-4,2026-04-16 18:30:00,Regular Season,KIA Tigers,,Kiwoom Heroes,,Gwangju,18:30
kbo-2026-2026-04-16-5,2026-04-16 18:30:00,Regular Season,Hanwha Eagles,,Samsung Lions,,Daejeon,18:30
kbo-2026-2026-04-17-1,2026-04-17 18:30:00,Regular Season,Doosan Bears,,KIA Tigers,,Jamsil,18:30
kbo-2026-2026-04-17-2,2026-04-17 18:30:00,Regular Season,Lotte Giants,,Hanwha Eagles,,Sajik,18:30
kbo-2026-2026-04-17-3,2026-04-17 18:30:00,Regular Season,Samsung Lions,,LG Twins,,Daegu,18:30
kbo-2026-2026-04-17-4,2026-04-17 18:30:00,Regular Season,NC Dinos,,SSG Landers,,Changwon,18:30
kbo-2026-2026-04-17-5,2026-04-17 18:30:00,Regular Season,KT Wiz,,Kiwoom Heroes,,Suwon,18:30
kbo-2026-2026-04-18-1,2026-04-18 17:00:00,Regular Season,Doosan Bears,,KIA Tigers,,Jamsil,17:00
kbo-2026-2026-04-18-2,2026-04-18 17:00:00,Regular Season,Lotte Giants,,Hanwha Eagles,,Sajik,17:00
kbo-2026-2026-04-18-3,2026-04-18 14:00:00,Regular Season,Samsung Lions,,LG Twins,,Daegu,14:00
kbo-2026-2026-04-18-4,2026-04-18 17:00:00,Regular Season,NC Dinos,,SSG Landers,,Changwon,17:00
kbo-2026-2026-04-18-5,2026-04-18 17:00:00,Regular Season,KT Wiz,,Kiwoom Heroes,,Suwon,17:00
kbo-2026-2026-04-19-1,2026-04-19 14:00:00,Regular Season,Doosan Bears,,KIA Tigers,,Jamsil,14:00
kbo-2026-2026-04-19-2,2026-04-19 14:00:00,Regular Season,Lotte Giants,,Hanwha Eagles,,Sajik,14:00
kbo-2026-2026-04-19-3,2026-04-19 14:00:00,Regular Season,Samsung Lions,,LG Twins,,Daegu,14:00
kbo-2026-2026-04-19-4,2026-04-19 14:00:00,Regular Season,NC Dinos,,SSG Landers,,Changwon,14:00
kbo-2026-2026-04-19-5,2026-04-19 14:00:00,Regular Season,KT Wiz,,Kiwoom Heroes,,Suwon,14:00
kbo-2026-2026-04-21-1,2026-04-21 18:30:00,Regular Season,LG Twins,,Hanwha Eagles,,Jamsil,18:30
kbo-2026-2026-04-21-2,2026-04-21 18:30:00,Regular Season,Lotte Giants,,Doosan Bears,,Sajik,18:30
kbo-2026-2026-04-21-3,2026-04-21 18:30:00,Regular Season,Samsung Lions,,SSG Landers,,Daegu,18:30
kbo-2026-2026-04-21-4,2026-04-21 18:30:00,Regular Season,KT Wiz,,KIA Tigers,,Suwon,18:30
kbo-2026-2026-04-21-5,2026-04-21 18:30:00,Regular Season,Kiwoom Heroes,,NC Dinos,,Gocheok Sky Dome,18:30
kbo-2026-2026-04-22-1,2026-04-22 18:30:00,Regular Season,LG Twins,,Hanwha Eagles,,Jamsil,18:30
kbo-2026-2026-04-22-2,2026-04-22 18:30:00,Regular Season,Lotte Giants,,Doosan Bears,,Sajik,18:30
kbo-2026-2026-04-22-3,2026-04-22 18:30:00,Regular Season,Samsung Lions,,SSG Landers,,Daegu,18:30
kbo-2026-2026-04-22-4,2026-04-22 18:30:00,Regular Season,KT Wiz,,KIA Tigers,,Suwon,18:30
kbo-2026-2026-04-22-5,2026-04-22 18:30:00,Regular Season,Kiwoom Heroes,,NC Dinos,,Gocheok Sky Dome,18:30
kbo-2026-2026-04-23-1,2026-04-23 18:30:00,Regular Season,LG Twins,,Hanwha Eagles,,Jamsil,18:30
kbo-2026-2026-04-23-2,2026-04-23 18:30:00,Regular Season,Lotte Giants,,Doosan Bears,,Sajik,18:30
kbo-2026-2026-04-23-3,2026-04-23 18:30:00,Regular Season,Samsung Lions,,SSG Landers,,Daegu,18:30
kbo-2026-2026-04-23-4,2026-04-23 18:30:00,Regular Season,KT Wiz,,KIA Tigers,,Suwon,18:30
kbo-2026-2026-04-23-5,2026-04-23 18:30:00,Regular Season,Kiwoom Heroes,,NC Dinos,,Gocheok Sky Dome,18:30
kbo-2026-2026-04-24-1,2026-04-24 18:30:00,Regular Season,Doosan Bears,,LG Twins,,Jamsil,18:30
kbo-2026-2026-04-24-2,2026-04-24 18:30:00,Regular Season,SSG Landers,,KT Wiz,,Munhak,18:30
kbo-2026-2026-04-24-3,2026-04-24 18:30:00,Regular Season,KIA Tigers,,Lotte Giants,,Gwangju,18:30
kbo-2026-2026-04-24-4,2026-04-24 18:30:00,Regular Season,Kiwoom Heroes,,Samsung Lions,,Gocheok Sky Dome,18:30
kbo-2026-2026-04-24-5,2026-04-24 18:30:00,Regular Season,Hanwha Eagles,,NC Dinos,,Daejeon,18:30
kbo-2026-2026-04-25-1,2026-04-25 17:00:00,Regular Season,Doosan Bears,,LG Twins,,Jamsil,17:00
kbo-2026-2026-04-25-2,2026-04-25 17:00:00,Regular Season,SSG Landers,,KT Wiz,,Munhak,17:00
kbo-2026-2026-04-25-3,2026-04-25 17:00:00,Regular Season,KIA Tigers,,Lotte Giants,,Gwangju,17:00
kbo-2026-2026-04-25-4,2026-04-25 17:00:00,Regular Season,Kiwoom Heroes,,Samsung Lions,,Gocheok Sky Dome,17:00
kbo-2026-2026-04-25-5,2026-04-25 17:00:00,Regular Season,Hanwha Eagles,,NC Dinos,,Daejeon,17:00
kbo-2026-2026-04-26-1,2026-04-26 14:00:00,Regular Season,Doosan Bears,,LG Twins,,Jamsil,14:00
kbo-2026-2026-04-26-2,2026-04-26 14:00:00,Regular Season,SSG Landers,,KT Wiz,,Munhak,14:00
kbo-2026-2026-04-26-3,2026-04-26 14:00:00,Regular Season,KIA Tigers,,Lotte Giants,,Gwangju,14:00
kbo-2026-2026-04-26-4,2026-04-26 14:00:00,Regular Season,Kiwoom Heroes,,Samsung Lions,,Gocheok Sky Dome,14:00
kbo-2026-2026-04-26-5,2026-04-26 14:00:00,Regular Season,Hanwha Eagles,,NC Dinos,,Daejeon,14:00
kbo-2026-2026-04-28-1,2026-04-28 18:30:00,Regular Season,Doosan Bears,,Samsung Lions,,Jamsil,18:30
kbo-2026-2026-04-28-2,2026-04-28 18:30:00,Regular Season,Lotte Giants,,Kiwoom Heroes,,Sajik,18:30
kbo-2026-2026-04-28-3,2026-04-28 18:30:00,Regular Season,NC Dinos,,KIA Tigers,,Changwon,18:30
kbo-2026-2026-04-28-4,2026-04-28 18:30:00,Regular Season,KT Wiz,,LG Twins,,Suwon,18:30
kbo-2026-2026-04-28-5,2026-04-28 18:30:00,Regular Season,Hanwha Eagles,,SSG Landers,,Daejeon,18:30
kbo-2026-2026-04-29-1,2026-04-29 18:30:00,Regular Season,Doosan Bears,,Samsung Lions,,Jamsil,18:30
kbo-2026-2026-04-29-2,2026-04-29 18:30:00,Regular Season,Lotte Giants,,Kiwoom Heroes,,Sajik,18:30
kbo-2026-2026-04-29-3,2026-04-29 18:30:00,Regular Season,NC Dinos,,KIA Tigers,,Changwon,18:30
kbo-2026-2026-04-29-4,2026-04-29 18:30:00,Regular Season,KT Wiz,,LG Twins,,Suwon,18:30
kbo-2026-2026-04-29-5,2026-04-29 18:30:00,Regular Season,Hanwha Eagles,,SSG Landers,,Daejeon,18:30
kbo-2026-2026-04-30-1,2026-04-30 18:30:00,Regular Season,Doosan Bears,,Samsung Lions,,Jamsil,18:30
kbo-2026-2026-04-30-2,2026-04-30 18:30:00,Regular Season,Lotte Giants,,Kiwoom Heroes,,Sajik,18:30
kbo-2026-2026-04-30-3,2026-04-30 18:30:00,Regular Season,NC Dinos,,KIA Tigers,,Changwon,18:30
kbo-2026-2026-04-30-4,2026-04-30 18:30:00,Regular Season,KT Wiz,,LG Twins,,Suwon,18:30
kbo-2026-2026-04-30-5,2026-04-30 18:30:00,Regular Season,Hanwha Eagles,,SSG Landers,,Daejeon,18:30
kbo-2026-2026-05-01-1,2026-05-01 18:30:00,Regular Season,LG Twins,,NC Dinos,,Jamsil,18:30
kbo-2026-2026-05-01-2,2026-05-01 18:30:00,Regular Season,SSG Landers,,Lotte Giants,,Munhak,18:30
kbo-2026-2026-05-01-3,2026-05-01 18:30:00,Regular Season,Samsung Lions,,Hanwha Eagles,,Daegu,18:30
kbo-2026-2026-05-01-4,2026-05-01 18:30:00,Regular Season,KIA Tigers,,KT Wiz,,Gwangju,18:30
kbo-2026-2026-05-01-5,2026-05-01 18:30:00,Regular Season,Kiwoom Heroes,,Doosan Bears,,Gocheok Sky Dome,18:30
kbo-2026-2026-05-02-1,2026-05-02 17:00:00,Regular Season,LG Twins,,NC Dinos,,Jamsil,17:00
kbo-2026-2026-05-02-2,2026-05-02 17:00:00,Regular Season,SSG Landers,,Lotte Giants,,Munhak,17:00
kbo-2026-2026-05-02-3,2026-05-02 17:00:00,Regular Season,Samsung Lions,,Hanwha Eagles,,Daegu,17:00
kbo-2026-2026-05-02-4,2026-05-02 17:00:00,Regular Season,KIA Tigers,,KT Wiz,,Gwangju,17:00
kbo-2026-2026-05-02-5,2026-05-02 17:00:00,Regular Season,Kiwoom Heroes,,Doosan Bears,,Gocheok Sky Dome,17:00
kbo-2026-2026-05-03-1,2026-05-03 14:00:00,Regular Season,LG Twins,,NC Dinos,,Jamsil,14:00
kbo-2026-2026-05-03-2,2026-05-03 14:00:00,Regular Season,SSG Landers,,Lotte Giants,,Munhak,14:00
kbo-2026-2026-05-03-3,2026-05-03 14:00:00,Regular Season,Samsung Lions,,Hanwha Eagles,,Daegu,14:00
kbo-2026-2026-05-03-4,2026-05-03 14:00:00,Regular Season,KIA Tigers,,KT Wiz,,Gwangju,14:00
kbo-2026-2026-05-03-5,2026-05-03 14:00:00,Regular Season,Kiwoom Heroes,,Doosan Bears,,Gocheok Sky Dome,14:00
kbo-2026-2026-05-05-1,2026-05-05 14:00:00,Regular Season,LG Twins,,Doosan Bears,,Jamsil,14:00
kbo-2026-2026-05-05-2,2026-05-05 14:00:00,Regular Season,SSG Landers,,NC Dinos,,Munhak,14:00
kbo-2026-2026-05-05-3,2026-05-05 14:00:00,Regular Season,Samsung Lions,,Kiwoom Heroes,,Daegu,14:00
kbo-2026-2026-05-05-4,2026-05-05 14:00:00,Regular Season,KT Wiz,,Lotte Giants,,Suwon,14:00
kbo-2026-2026-05-05-5,2026-05-05 14:00:00,Regular Season,KIA Tigers,,Hanwha Eagles,,Gwangju,14:00
kbo-2026-2026-05-06-1,2026-05-06 18:30:00,Regular Season,LG Twins,,Doosan Bears,,Jamsil,18:30
kbo-2026-2026-05-06-2,2026-05-06 18:30:00,Regular Season,SSG Landers,,NC Dinos,,Munhak,18:30
kbo-2026-2026-05-06-3,2026-05-06 18:30:00,Regular Season,Samsung Lions,,Kiwoom Heroes,,Daegu,18:30
kbo-2026-2026-05-06-4,2026-05-06 18:30:00,Regular Season,KT Wiz,,Lotte Giants,,Suwon,18:30
kbo-2026-2026-05-06-5,2026-05-06 18:30:00,Regular Season,KIA Tigers,,Hanwha Eagles,,Gwangju,18:30
kbo-2026-2026-05-07-1,2026-05-07 18:30:00,Regular Season,LG Twins,,Doosan Bears,,Jamsil,18:30
kbo-2026-2026-05-07-2,2026-05-07 18:30:00,Regular Season,SSG Landers,,NC Dinos,,Munhak,18:30
kbo-2026-2026-05-07-3,2026-05-07 18:30:00,Regular Season,Samsung Lions,,Kiwoom Heroes,,Daegu,18:30
kbo-2026-2026-05-07-4,2026-05-07 18:30:00,Regular Season,KT Wiz,,Lotte Giants,,Suwon,18:30
kbo-2026-2026-05-07-5,2026-05-07 18:30:00,Regular Season,KIA Tigers,,Hanwha Eagles,,Gwangju,18:30
kbo-2026-2026-05-08-1,2026-05-08 18:30:00,Regular Season,Doosan Bears,,SSG Landers,,Jamsil,18:30
kbo-2026-2026-05-08-2,2026-05-08 18:30:00,Regular Season,Lotte Giants,,KIA Tigers,,Sajik,18:30
kbo-2026-2026-05-08-3,2026-05-08 18:30:00,Regular Season,NC Dinos,,Samsung Lions,,Changwon,18:30
kbo-2026-2026-05-08-4,2026-05-08 18:30:00,Regular Season,Kiwoom Heroes,,KT Wiz,,Gocheok Sky Dome,18:30
kbo-2026-2026-05-08-5,2026-05-08 18:30:00,Regular Season,Hanwha Eagles,,LG Twins,,Daejeon,18:30
kbo-2026-2026-05-09-1,2026-05-09 17:00:00,Regular Season,Doosan Bears,,SSG Landers,,Jamsil,17:00
kbo-2026-2026-05-09-2,2026-05-09 17:00:00,Regular Season,Lotte Giants,,KIA Tigers,,Sajik,17:00
kbo-2026-2026-05-09-3,2026-05-09 17:00:00,Regular Season,NC Dinos,,Samsung Lions,,Changwon,17:00
kbo-2026-2026-05-09-4,2026-05-09 17:00:00,Regular Season,Kiwoom Heroes,,KT Wiz,,Gocheok Sky Dome,17:00
kbo-2026-2026-05-09-5,2026-05-09 17:00:00,Regular Season,Hanwha Eagles,,LG Twins,,Daejeon,17:00
kbo-2026-2026-05-10-1,2026-05-10 14:00:00,Regular Season,Doosan Bears,,SSG Landers,,Jamsil,14:00
kbo-2026-2026-05-10-2,2026-05-10 14:00:00,Regular Season,Lotte Giants,,KIA Tigers,,Sajik,14:00
kbo-2026-2026-05-10-3,2026-05-10 14:00:00,Regular Season,NC Dinos,,Samsung Lions,,Changwon,14:00
kbo-2026-2026-05-10-4,2026-05-10 14:00:00,Regular Season,Kiwoom Heroes,,KT Wiz,,Gocheok Sky Dome,14:00
kbo-2026-2026-05-10-5,2026-05-10 14:00:00,Regular Season,Hanwha Eagles,,LG Twins,,Daejeon,14:00
kbo-2026-2026-05-12-1,2026-05-12 18:30:00,Regular Season,LG Twins,,Samsung Lions,,Jamsil,18:30
kbo-2026-2026-05-12-2,2026-05-12 18:30:00,Regular Season,Lotte Giants,,NC Dinos,,Sajik,18:30
kbo-2026-2026-05-12-3,2026-05-12 18:30:00,Regular Season,KT Wiz,,SSG Landers,,Suwon,18:30
kbo-2026-2026-05-12-4,2026-05-12 18:30:00,Regular Season,KIA Tigers,,Doosan Bears,,Gwangju,18:30
kbo-2026-2026-05-12-5,2026-05-12 18:30:00,Regular Season,Kiwoom Heroes,,Hanwha Eagles,,Gocheok Sky Dome,18:30
kbo-2026-2026-05-13-1,2026-05-13 18:30:00,Regular Season,LG Twins,,Samsung Lions,,Jamsil,18:30
kbo-2026-2026-05-13-2,2026-05-13 18:30:00,Regular Season,Lotte Giants,,NC Dinos,,Sajik,18:30
kbo-2026-2026-05-13-3,2026-05-13 18:30:00,Regular Season,KT Wiz,,SSG Landers,,Suwon,18:30
kbo-2026-2026-05-13-4,2026-05-13 18:30:00,Regular Season,KIA Tigers,,Doosan Bears,,Gwangju,18:30
kbo-2026-2026-05-13-5,2026-05-13 18:30:00,Regular Season,Kiwoom Heroes,,Hanwha Eagles,,Gocheok Sky Dome,18:30
kbo-2026-2026-05-14-1,2026-05-14 18:30:00,Regular Season,LG Twins,,Samsung Lions,,Jamsil,18:30
kbo-2026-2026-05-14-2,2026-05-14 18:30:00,Regular Season,Lotte Giants,,NC Dinos,,Sajik,18:30
kbo-2026-2026-05-14-3,2026-05-14 18:30:00,Regular Season,KT Wiz,,SSG Landers,,Suwon,18:30
kbo-2026-2026-05-14-4,2026-05-14 18:30:00,Regular Season,KIA Tigers,,Doosan Bears,,Gwangju,18:30
kbo-2026-2026-05-14-5,2026-05-14 18:30:00,Regular Season,Kiwoom Heroes,,Hanwha Eagles,,Gocheok Sky Dome,18:30
kbo-2026-2026-05-15-1,2026-05-15 18:30:00,Regular Season,Doosan Bears,,Lotte Giants,,Jamsil,18:30
kbo-2026-2026-05-15-2,2026-05-15 18:30:00,Regular Season,SSG Landers,,LG Twins,,Munhak,18:30
kbo-2026-2026-05-15-3,2026-05-15 18:30:00,Regular Season,Samsung Lions,,KIA Tigers,,Daegu,18:30
kbo-2026-2026-05-15-4,2026-05-15 18:30:00,Regular Season,NC Dinos,,Kiwoom Heroes,,Changwon,18:30
kbo-2026-2026-05-15-5,2026-05-15 18:30:00,Regular Season,KT Wiz,,Hanwha Eagles,,Suwon,18:30
kbo-2026-2026-05-16-1,2026-05-16 17:00:00,Regular Season,Doosan Bears,,Lotte Giants,,Jamsil,17:00
kbo-2026-2026-05-16-2,2026-05-16 17:00:00,Regular Season,SSG Landers,,LG Twins,,Munhak,17:00
kbo-2026-2026-05-16-3,2026-05-16 17:00:00,Regular Season,Samsung Lions,,KIA Tigers,,Daegu,17:00
kbo-2026-2026-05-16-4,2026-05-16 17:00:00,Regular Season,NC Dinos,,Kiwoom Heroes,,Changwon,17:00
kbo-2026-2026-05-16-5,2026-05-16 17:00:00,Regular Season,KT Wiz,,Hanwha Eagles,,Suwon,17:00
kbo-2026-2026-05-17-1,2026-05-17 14:00:00,Regular Season,Doosan Bears,,Lotte Giants,,Jamsil,14:00
kbo-2026-2026-05-17-2,2026-05-17 14:00:00,Regular Season,SSG Landers,,LG Twins,,Munhak,14:00
kbo-2026-2026-05-17-3,2026-05-17 14:00:00,Regular Season,Samsung Lions,,KIA Tigers,,Daegu,14:00
kbo-2026-2026-05-17-4,2026-05-17 14:00:00,Regular Season,NC Dinos,,Kiwoom Heroes,,Changwon,14:00
kbo-2026-2026-05-17-5,2026-05-17 14:00:00,Regular Season,KT Wiz,,Hanwha Eagles,,Suwon,14:00
kbo-2026-2026-05-19-1,2026-05-19 18:30:00,Regular Season,Doosan Bears,,NC Dinos,,Jamsil,18:30
kbo-2026-2026-05-19-2,2026-05-19 18:30:00,Regular Season,KIA Tigers,,LG Twins,,Gwangju,18:30
kbo-2026-2026-05-19-3,2026-05-19 18:30:00,Regular Season,Kiwoom Heroes,,SSG Landers,,Gocheok Sky Dome,18:30
kbo-2026-2026-05-19-4,2026-05-19 18:30:00,Regular Season,Hanwha Eagles,,Lotte Giants,,Daejeon,18:30
kbo-2026-2026-05-19-5,2026-05-19 18:30:00,Regular Season,Samsung Lions,,KT Wiz,,Pohang,18:30
kbo-2026-2026-05-20-1,2026-05-20 18:30:00,Regular Season,Doosan Bears,,NC Dinos,,Jamsil,18:30
kbo-2026-2026-05-20-2,2026-05-20 18:30:00,Regular Season,KIA Tigers,,LG Twins,,Gwangju,18:30
kbo-2026-2026-05-20-3,2026-05-20 18:30:00,Regular Season,Kiwoom Heroes,,SSG Landers,,Gocheok Sky Dome,18:30
kbo-2026-2026-05-20-4,2026-05-20 18:30:00,Regular Season,Hanwha Eagles,,Lotte Giants,,Daejeon,18:30
kbo-2026-2026-05-20-5,2026-05-20 18:30:00,Regular Season,Samsung Lions,,KT Wiz,,Pohang,18:30
kbo-2026-2026-05-21-1,2026-05-21 18:30:00,Regular Season,Doosan Bears,,NC Dinos,,Jamsil,18:30
kbo-2026-2026-05-21-2,2026-05-21 18:30:00,Regular Season,KIA Tigers,,LG Twins,,Gwangju,18:30
kbo-2026-2026-05-21-3,2026-05-21 18:30:00,Regular Season,Kiwoom Heroes,,SSG Landers,,Gocheok Sky Dome,18:30
kbo-2026-2026-05-21-4,2026-05-21 18:30:00,Regular Season,Hanwha Eagles,,Lotte Giants,,Daejeon,18:30
kbo-2026-2026-05-21-5,2026-05-21 18:30:00,Regular Season,Samsung Lions,,KT Wiz,,Pohang,18:30
kbo-2026-2026-05-22-1,2026-05-22 18:30:00,Regular Season,LG Twins,,Kiwoom Heroes,,Jamsil,18:30
kbo-2026-2026-05-22-2,2026-05-22 18:30:00,Regular Season,Lotte Giants,,Samsung Lions,,Sajik,18:30
kbo-2026-2026-05-22-3,2026-05-22 18:30:00,Regular Season,KT Wiz,,NC Dinos,,Suwon,18:30
kbo-2026-2026-05-22-4,2026-05-22 18:30:00,Regular Season,KIA Tigers,,SSG Landers,,Gwangju,18:30
kbo-2026-2026-05-22-5,2026-05-22 18:30:00,Regular Season,Hanwha Eagles,,Doosan Bears,,Daejeon,18:30
kbo-2026-2026-05-23-1,2026-05-23 17:00:00,Regular Season,LG Twins,,Kiwoom Heroes,,Jamsil,17:00
kbo-2026-2026-05-23-2,2026-05-23 17:00:00,Regular Season,Lotte Giants,,Samsung Lions,,Sajik,17:00
kbo-2026-2026-05-23-3,2026-05-23 17:00:00,Regular Season,KT Wiz,,NC Dinos,,Suwon,17:00
kbo-2026-2026-05-23-4,2026-05-23 17:00:00,Regular Season,KIA Tigers,,SSG Landers,,Gwangju,17:00
kbo-2026-2026-05-23-5,2026-05-23 17:00:00,Regular Season,Hanwha Eagles,,Doosan Bears,,Daejeon,17:00
kbo-2026-2026-05-24-1,2026-05-24 14:00:00,Regular Season,LG Twins,,Kiwoom Heroes,,Jamsil,14:00
kbo-2026-2026-05-24-2,2026-05-24 14:00:00,Regular Season,Lotte Giants,,Samsung Lions,,Sajik,14:00
kbo-2026-2026-05-24-3,2026-05-24 14:00:00,Regular Season,KT Wiz,,NC Dinos,,Suwon,14:00
kbo-2026-2026-05-24-4,2026-05-24 14:00:00,Regular Season,KIA Tigers,,SSG Landers,,Gwangju,14:00
kbo-2026-2026-05-24-5,2026-05-24 14:00:00,Regular Season,Hanwha Eagles,,Doosan Bears,,Daejeon,14:00
kbo-2026-2026-05-26-1,2026-05-26 18:30:00,Regular Season,Doosan Bears,,KT Wiz,,Jamsil,18:30
kbo-2026-2026-05-26-2,2026-05-26 18:30:00,Regular Season,SSG Landers,,Samsung Lions,,Munhak,18:30
kbo-2026-2026-05-26-3,2026-05-26 18:30:00,Regular Season,Lotte Giants,,LG Twins,,Sajik,18:30
kbo-2026-2026-05-26-4,2026-05-26 18:30:00,Regular Season,NC Dinos,,Hanwha Eagles,,Changwon,18:30
kbo-2026-2026-05-26-5,2026-05-26 18:30:00,Regular Season,Kiwoom Heroes,,KIA Tigers,,Gocheok Sky Dome,18:30
kbo-2026-2026-05-27-1,2026-05-27 18:30:00,Regular Season,Doosan Bears,,KT Wiz,,Jamsil,18:30
kbo-2026-2026-05-27-2,2026-05-27 18:30:00,Regular Season,SSG Landers,,Samsung Lions,,Munhak,18:30
kbo-2026-2026-05-27-3,2026-05-27 18:30:00,Regular Season,Lotte Giants,,LG Twins,,Sajik,18:30
kbo-2026-2026-05-27-4,2026-05-27 18:30:00,Regular Season,NC Dinos,,Hanwha Eagles,,Changwon,18:30
kbo-2026-2026-05-27-5,2026-05-27 18:30:00,Regular Season,Kiwoom Heroes,,KIA Tigers,,Gocheok Sky Dome,18:30
kbo-2026-2026-05-28-1,2026-05-28 18:30:00,Regular Season,Doosan Bears,,KT Wiz,,Jamsil,18:30
kbo-2026-2026-05-28-2,2026-05-28 18:30:00,Regular Season,SSG Landers,,Samsung Lions,,Munhak,18:30
kbo-2026-2026-05-28-3,2026-05-28 18:30:00,Regular Season,Lotte Giants,,LG Twins,,Sajik,18:30
kbo-2026-2026-05-28-4,2026-05-28 18:30:00,Regular Season,NC Dinos,,Hanwha Eagles,,Changwon,18:30
kbo-2026-2026-05-28-5,2026-05-28 18:30:00,Regular Season,Kiwoom Heroes,,KIA Tigers,,Gocheok Sky Dome,18:30
kbo-2026-2026-05-29-1,2026-05-29 18:30:00,Regular Season,LG Twins,,KIA Tigers,,Jamsil,18:30
kbo-2026-2026-05-29-2,2026-05-29 18:30:00,Regular Season,Samsung Lions,,Doosan Bears,,Daegu,18:30
kbo-2026-2026-05-29-3,2026-05-29 18:30:00,Regular Season,NC Dinos,,Lotte Giants,,Changwon,18:30
kbo-2026-2026-05-29-4,2026-05-29 18:30:00,Regular Season,Kiwoom Heroes,,KT Wiz,,Gocheok Sky Dome,18:30
kbo-2026-2026-05-29-5,2026-05-29 18:30:00,Regular Season,Hanwha Eagles,,SSG Landers,,Daejeon,18:30
kbo-2026-2026-05-30-1,2026-05-30 17:00:00,Regular Season,LG Twins,,KIA Tigers,,Jamsil,17:00
kbo-2026-2026-05-30-2,2026-05-30 17:00:00,Regular Season,Samsung Lions,,Doosan Bears,,Daegu,17:00
kbo-2026-2026-05-30-3,2026-05-30 17:00:00,Regular Season,NC Dinos,,Lotte Giants,,Changwon,17:00
kbo-2026-2026-05-30-4,2026-05-30 17:00:00,Regular Season,Kiwoom Heroes,,KT Wiz,,Gocheok Sky Dome,17:00
kbo-2026-2026-05-30-5,2026-05-30 17:00:00,Regular Season,Hanwha Eagles,,SSG Landers,,Daejeon,17:00
kbo-2026-2026-05-31-1,2026-05-31 14:00:00,Regular Season,LG Twins,,KIA Tigers,,Jamsil,14:00
kbo-2026-2026-05-31-2,2026-05-31 14:00:00,Regular Season,Samsung Lions,,Doosan Bears,,Daegu,14:00
kbo-2026-2026-05-31-3,2026-05-31 14:00:00,Regular Season,NC Dinos,,Lotte Giants,,Changwon,14:00
kbo-2026-2026-05-31-4,2026-05-31 14:00:00,Regular Season,Kiwoom Heroes,,KT Wiz,,Gocheok Sky Dome,14:00
kbo-2026-2026-05-31-5,2026-05-31 14:00:00,Regular Season,Hanwha Eagles,,SSG Landers,,Daejeon,14:00
kbo-2026-2026-06-02-1,2026-06-02 18:30:00,Regular Season,Doosan Bears,,Hanwha Eagles,,Jamsil,18:30
kbo-2026-2026-06-02-2,2026-06-02 18:30:00,Regular Season,SSG Landers,,Kiwoom Heroes,,Munhak,18:30
kbo-2026-2026-06-02-3,2026-06-02 18:30:00,Regular Season,Samsung Lions,,NC Dinos,,Daegu,18:30
kbo-2026-2026-06-02-4,2026-06-02 18:30:00,Regular Season,KT Wiz,,LG Twins,,Suwon,18:30
kbo-2026-2026-06-02-5,2026-06-02 18:30:00,Regular Season,KIA Tigers,,Lotte Giants,,Gwangju,18:30
kbo-2026-2026-06-03-1,2026-06-03 17:00:00,Regular Season,Doosan Bears,,Hanwha Eagles,,Jamsil,17:00
kbo-2026-2026-06-03-2,2026-06-03 17:00:00,Regular Season,SSG Landers,,Kiwoom Heroes,,Munhak,17:00
kbo-2026-2026-06-03-3,2026-06-03 17:00:00,Regular Season,Samsung Lions,,NC Dinos,,Daegu,17:00
kbo-2026-2026-06-03-4,2026-06-03 17:00:00,Regular Season,KT Wiz,,LG Twins,,Suwon,17:00
kbo-2026-2026-06-03-5,2026-06-03 17:00:00,Regular Season,KIA Tigers,,Lotte Giants,,Gwangju,17:00
kbo-2026-2026-06-04-1,2026-06-04 18:30:00,Regular Season,Doosan Bears,,Hanwha Eagles,,Jamsil,18:30
kbo-2026-2026-06-04-2,2026-06-04 18:30:00,Regular Season,SSG Landers,,Kiwoom Heroes,,Munhak,18:30
kbo-2026-2026-06-04-3,2026-06-04 18:30:00,Regular Season,Samsung Lions,,NC Dinos,,Daegu,18:30
kbo-2026-2026-06-04-4,2026-06-04 18:30:00,Regular Season,KT Wiz,,LG Twins,,Suwon,18:30
kbo-2026-2026-06-04-5,2026-06-04 18:30:00,Regular Season,KIA Tigers,,Lotte Giants,,Gwangju,18:30
kbo-2026-2026-06-05-1,2026-06-05 18:30:00,Regular Season,Doosan Bears,,Kiwoom Heroes,,Jamsil,18:30
kbo-2026-2026-06-05-2,2026-06-05 18:30:00,Regular Season,SSG Landers,,KT Wiz,,Munhak,18:30
kbo-2026-2026-06-05-3,2026-06-05 18:30:00,Regular Season,Lotte Giants,,Hanwha Eagles,,Sajik,18:30
kbo-2026-2026-06-05-4,2026-06-05 18:30:00,Regular Season,NC Dinos,,LG Twins,,Changwon,18:30
kbo-2026-2026-06-05-5,2026-06-05 18:30:00,Regular Season,KIA Tigers,,Samsung Lions,,Gwangju,18:30
kbo-2026-2026-06-06-1,2026-06-06 17:00:00,Regular Season,Doosan Bears,,Kiwoom Heroes,,Jamsil,17:00
kbo-2026-2026-06-06-2,2026-06-06 17:00:00,Regular Season,SSG Landers,,KT Wiz,,Munhak,17:00
kbo-2026-2026-06-06-3,2026-06-06 17:00:00,Regular Season,Lotte Giants,,Hanwha Eagles,,Sajik,17:00
kbo-2026-2026-06-06-4,2026-06-06 17:00:00,Regular Season,NC Dinos,,LG Twins,,Changwon,17:00
kbo-2026-2026-06-06-5,2026-06-06 17:00:00,Regular Season,KIA Tigers,,Samsung Lions,,Gwangju,17:00
kbo-2026-2026-06-07-1,2026-06-07 17:00:00,Regular Season,Doosan Bears,,Kiwoom Heroes,,Jamsil,17:00
kbo-2026-2026-06-07-2,2026-06-07 17:00:00,Regular Season,SSG Landers,,KT Wiz,,Munhak,17:00
kbo-2026-2026-06-07-3,2026-06-07 17:00:00,Regular Season,Lotte Giants,,Hanwha Eagles,,Sajik,17:00
kbo-2026-2026-06-07-4,2026-06-07 17:00:00,Regular Season,NC Dinos,,LG Twins,,Changwon,17:00
kbo-2026-2026-06-07-5,2026-06-07 17:00:00,Regular Season,KIA Tigers,,Samsung Lions,,Gwangju,17:00
kbo-2026-2026-06-09-1,2026-06-09 18:30:00,Regular Season,LG Twins,,SSG Landers,,Jamsil,18:30
kbo-2026-2026-06-09-2,2026-06-09 18:30:00,Regular Season,Lotte Giants,,Doosan Bears,,Sajik,18:30
kbo-2026-2026-06-09-3,2026-06-09 18:30:00,Regular Season,KT Wiz,,Samsung Lions,,Suwon,18:30
kbo-2026-2026-06-09-4,2026-06-09 18:30:00,Regular Season,Kiwoom Heroes,,NC Dinos,,Gocheok Sky Dome,18:30
kbo-2026-2026-06-09-5,2026-06-09 18:30:00,Regular Season,Hanwha Eagles,,KIA Tigers,,Daejeon,18:30
kbo-2026-2026-06-10-1,2026-06-10 18:30:00,Regular Season,LG Twins,,SSG Landers,,Jamsil,18:30
kbo-2026-2026-06-10-2,2026-06-10 18:30:00,Regular Season,Lotte Giants,,Doosan Bears,,Sajik,18:30
kbo-2026-2026-06-10-3,2026-06-10 18:30:00,Regular Season,KT Wiz,,Samsung Lions,,Suwon,18:30
kbo-2026-2026-06-10-4,2026-06-10 18:30:00,Regular Season,Kiwoom Heroes,,NC Dinos,,Gocheok Sky Dome,18:30
kbo-2026-2026-06-10-5,2026-06-10 18:30:00,Regular Season,Hanwha Eagles,,KIA Tigers,,Daejeon,18:30
kbo-2026-2026-06-11-1,2026-06-11 18:30:00,Regular Season,LG Twins,,SSG Landers,,Jamsil,18:30
kbo-2026-2026-06-11-2,2026-06-11 18:30:00,Regular Season,Lotte Giants,,Doosan Bears,,Sajik,18:30
kbo-2026-2026-06-11-3,2026-06-11 18:30:00,Regular Season,KT Wiz,,Samsung Lions,,Suwon,18:30
kbo-2026-2026-06-11-4,2026-06-11 18:30:00,Regular Season,Kiwoom Heroes,,NC Dinos,,Gocheok Sky Dome,18:30
kbo-2026-2026-06-11-5,2026-06-11 18:30:00,Regular Season,Hanwha Eagles,,KIA Tigers,,Daejeon,18:30
kbo-2026-2026-06-12-1,2026-06-12 18:30:00,Regular Season,LG Twins,,Lotte Giants,,Jamsil,18:30
kbo-2026-2026-06-12-2,2026-06-12 18:30:00,Regular Season,Samsung Lions,,SSG Landers,,Daegu,18:30
kbo-2026-2026-06-12-3,2026-06-12 18:30:00,Regular Season,KT Wiz,,NC Dinos,,Suwon,18:30
kbo-2026-2026-06-12-4,2026-06-12 18:30:00,Regular Season,KIA Tigers,,Doosan Bears,,Gwangju,18:30
kbo-2026-2026-06-12-5,2026-06-12 18:30:00,Regular Season,Kiwoom Heroes,,Hanwha Eagles,,Gocheok Sky Dome,18:30
kbo-2026-2026-06-13-1,2026-06-13 17:00:00,Regular Season,LG Twins,,Lotte Giants,,Jamsil,17:00
kbo-2026-2026-06-13-2,2026-06-13 17:00:00,Regular Season,Samsung Lions,,SSG Landers,,Daegu,17:00
kbo-2026-2026-06-13-3,2026-06-13 17:00:00,Regular Season,KT Wiz,,NC Dinos,,Suwon,17:00
kbo-2026-2026-06-13-4,2026-06-13 17:00:00,Regular Season,KIA Tigers,,Doosan Bears,,Gwangju,17:00
kbo-2026-2026-06-13-5,2026-06-13 17:00:00,Regular Season,Kiwoom Heroes,,Hanwha Eagles,,Gocheok Sky Dome,17:00
kbo-2026-2026-06-14-1,2026-06-14 17:00:00,Regular Season,LG Twins,,Lotte Giants,,Jamsil,17:00
kbo-2026-2026-06-14-2,2026-06-14 17:00:00,Regular Season,Samsung Lions,,SSG Landers,,Daegu,17:00
kbo-2026-2026-06-14-3,2026-06-14 17:00:00,Regular Season,KT Wiz,,NC Dinos,,Suwon,17:00
kbo-2026-2026-06-14-4,2026-06-14 17:00:00,Regular Season,KIA Tigers,,Doosan Bears,,Gwangju,17:00
kbo-2026-2026-06-14-5,2026-06-14 14:00:00,Regular Season,Kiwoom Heroes,,Hanwha Eagles,,Gocheok Sky Dome,14:00
kbo-2026-2026-06-16-1,2026-06-16 18:30:00,Regular Season,Doosan Bears,,KT Wiz,,Jamsil,18:30
kbo-2026-2026-06-16-2,2026-06-16 18:30:00,Regular Season,SSG Landers,,Lotte Giants,,Munhak,18:30
kbo-2026-2026-06-16-3,2026-06-16 18:30:00,Regular Season,Samsung Lions,,Kiwoom Heroes,,Daegu,18:30
kbo-2026-2026-06-16-4,2026-06-16 18:30:00,Regular Season,NC Dinos,,Hanwha Eagles,,Changwon,18:30
kbo-2026-2026-06-16-5,2026-06-16 18:30:00,Regular Season,KIA Tigers,,LG Twins,,Gwangju,18:30
kbo-2026-2026-06-17-1,2026-06-17 18:30:00,Regular Season,Doosan Bears,,KT Wiz,,Jamsil,18:30
kbo-2026-2026-06-17-2,2026-06-17 18:30:00,Regular Season,SSG Landers,,Lotte Giants,,Munhak,18:30
kbo-2026-2026-06-17-3,2026-06-17 18:30:00,Regular Season,Samsung Lions,,Kiwoom Heroes,,Daegu,18:30
kbo-2026-2026-06-17-4,2026-06-17 18:30:00,Regular Season,NC Dinos,,Hanwha Eagles,,Changwon,18:30
kbo-2026-2026-06-17-5,2026-06-17 18:30:00,Regular Season,KIA Tigers,,LG Twins,,Gwangju,18:30
kbo-2026-2026-06-18-1,2026-06-18 18:30:00,Regular Season,Doosan Bears,,KT Wiz,,Jamsil,18:30
kbo-2026-2026-06-18-2,2026-06-18 18:30:00,Regular Season,SSG Landers,,Lotte Giants,,Munhak,18:30
kbo-2026-2026-06-18-3,2026-06-18 18:30:00,Regular Season,Samsung Lions,,Kiwoom Heroes,,Daegu,18:30
kbo-2026-2026-06-18-4,2026-06-18 18:30:00,Regular Season,NC Dinos,,Hanwha Eagles,,Changwon,18:30
kbo-2026-2026-06-18-5,2026-06-18 18:30:00,Regular Season,KIA Tigers,,LG Twins,,Gwangju,18:30
kbo-2026-2026-06-19-1,2026-06-19 18:30:00,Regular Season,LG Twins,,Doosan Bears,,Jamsil,18:30
kbo-2026-2026-06-19-2,2026-06-19 18:30:00,Regular Season,NC Dinos,,SSG Landers,,Changwon,18:30
kbo-2026-2026-06-19-3,2026-06-19 18:30:00,Regular Season,KT Wiz,,KIA Tigers,,Suwon,18:30
kbo-2026-2026-06-19-4,2026-06-19 18:30:00,Regular Season,Kiwoom Heroes,,Lotte Giants,,Gocheok Sky Dome,18:30
kbo-2026-2026-06-19-5,2026-06-19 18:30:00,Regular Season,Hanwha Eagles,,Samsung Lions,,Daejeon,18:30
kbo-2026-2026-06-20-1,2026-06-20 17:00:00,Regular Season,LG Twins,,Doosan Bears,,Jamsil,17:00
kbo-2026-2026-06-20-2,2026-06-20 17:00:00,Regular Season,NC Dinos,,SSG Landers,,Changwon,17:00
kbo-2026-2026-06-20-3,2026-06-20 17:00:00,Regular Season,KT Wiz,,KIA Tigers,,Suwon,17:00
kbo-2026-2026-06-20-4,2026-06-20 17:00:00,Regular Season,Kiwoom Heroes,,Lotte Giants,,Gocheok Sky Dome,17:00
kbo-2026-2026-06-20-5,2026-06-20 17:00:00,Regular Season,Hanwha Eagles,,Samsung Lions,,Daejeon,17:00
kbo-2026-2026-06-21-1,2026-06-21 17:00:00,Regular Season,LG Twins,,Doosan Bears,,Jamsil,17:00
kbo-2026-2026-06-21-2,2026-06-21 17:00:00,Regular Season,NC Dinos,,SSG Landers,,Changwon,17:00
kbo-2026-2026-06-21-3,2026-06-21 17:00:00,Regular Season,KT Wiz,,KIA Tigers,,Suwon,17:00
kbo-2026-2026-06-21-4,2026-06-21 14:00:00,Regular Season,Kiwoom Heroes,,Lotte Giants,,Gocheok Sky Dome,14:00
kbo-2026-2026-06-21-5,2026-06-21 17:00:00,Regular Season,Hanwha Eagles,,Samsung Lions,,Daejeon,17:00
kbo-2026-2026-06-23-1,2026-06-23 18:30:00,Regular Season,LG Twins,,Samsung Lions,,Jamsil,18:30
kbo-2026-2026-06-23-2,2026-06-23 18:30:00,Regular Season,Lotte Giants,,NC Dinos,,Sajik,18:30
kbo-2026-2026-06-23-3,2026-06-23 18:30:00,Regular Season,KT Wiz,,SSG Landers,,Suwon,18:30
kbo-2026-2026-06-23-4,2026-06-23 18:30:00,Regular Season,Kiwoom Heroes,,KIA Tigers,,Gocheok Sky Dome,18:30
kbo-2026-2026-06-23-5,2026-06-23 18:30:00,Regular Season,Hanwha Eagles,,Doosan Bears,,Daejeon,18:30
kbo-2026-2026-06-24-1,2026-06-24 18:30:00,Regular Season,LG Twins,,Samsung Lions,,Jamsil,18:30
kbo-2026-2026-06-24-2,2026-06-24 18:30:00,Regular Season,Lotte Giants,,NC Dinos,,Sajik,18:30
kbo-2026-2026-06-24-3,2026-06-24 18:30:00,Regular Season,KT Wiz,,SSG Landers,,Suwon,18:30
kbo-2026-2026-06-24-4,2026-06-24 18:30:00,Regular Season,Kiwoom Heroes,,KIA Tigers,,Gocheok Sky Dome,18:30
kbo-2026-2026-06-24-5,2026-06-24 18:30:00,Regular Season,Hanwha Eagles,,Doosan Bears,,Daejeon,18:30
kbo-2026-2026-06-25-1,2026-06-25 18:30:00,Regular Season,LG Twins,,Samsung Lions,,Jamsil,18:30
kbo-2026-2026-06-25-2,2026-06-25 18:30:00,Regular Season,Lotte Giants,,NC Dinos,,Sajik,18:30
kbo-2026-2026-06-25-3,2026-06-25 18:30:00,Regular Season,KT Wiz,,SSG Landers,,Suwon,18:30
kbo-2026-2026-06-25-4,2026-06-25 18:30:00,Regular Season,Kiwoom Heroes,,KIA Tigers,,Gocheok Sky Dome,18:30
kbo-2026-2026-06-25-5,2026-06-25 18:30:00,Regular Season,Hanwha Eagles,,Doosan Bears,,Daejeon,18:30
kbo-2026-2026-06-26-1,2026-06-26 18:30:00,Regular Season,Doosan Bears,,KIA Tigers,,Jamsil,18:30
kbo-2026-2026-06-26-2,2026-06-26 18:30:00,Regular Season,SSG Landers,,Hanwha Eagles,,Munhak,18:30
kbo-2026-2026-06-26-3,2026-06-26 18:30:00,Regular Season,Lotte Giants,,LG Twins,,Sajik,18:30
kbo-2026-2026-06-26-4,2026-06-26 18:30:00,Regular Season,Samsung Lions,,KT Wiz,,Daegu,18:30
kbo-2026-2026-06-26-5,2026-06-26 18:30:00,Regular Season,NC Dinos,,Kiwoom Heroes,,Changwon,18:30
kbo-2026-2026-06-27-1,2026-06-27 17:00:00,Regular Season,Doosan Bears,,KIA Tigers,,Jamsil,17:00
kbo-2026-2026-06-27-2,2026-06-27 17:00:00,Regular Season,SSG Landers,,Hanwha Eagles,,Munhak,17:00
kbo-2026-2026-06-27-3,2026-06-27 17:00:00,Regular Season,Lotte Giants,,LG Twins,,Sajik,17:00
kbo-2026-2026-06-27-4,2026-06-27 17:00:00,Regular Season,Samsung Lions,,KT Wiz,,Daegu,17:00
kbo-2026-2026-06-27-5,2026-06-27 17:00:00,Regular Season,NC Dinos,,Kiwoom Heroes,,Changwon,17:00
kbo-2026-2026-06-28-1,2026-06-28 17:00:00,Regular Season,Doosan Bears,,KIA Tigers,,Jamsil,17:00
kbo-2026-2026-06-28-2,2026-06-28 17:00:00,Regular Season,SSG Landers,,Hanwha Eagles,,Munhak,17:00
kbo-2026-2026-06-28-3,2026-06-28 17:00:00,Regular Season,Lotte Giants,,LG Twins,,Sajik,17:00
kbo-2026-2026-06-28-4,2026-06-28 17:00:00,Regular Season,Samsung Lions,,KT Wiz,,Daegu,17:00
kbo-2026-2026-06-28-5,2026-06-28 17:00:00,Regular Season,NC Dinos,,Kiwoom Heroes,,Changwon,17:00
kbo-2026-2026-06-30-1,2026-06-30 18:30:00,Regular Season,Doosan Bears,,Lotte Giants,,Jamsil,18:30
kbo-2026-2026-06-30-2,2026-06-30 18:30:00,Regular Season,NC Dinos,,Samsung Lions,,Changwon,18:30
kbo-2026-2026-06-30-3,2026-06-30 18:30:00,Regular Season,KIA Tigers,,SSG Landers,,Gwangju,18:30
kbo-2026-2026-06-30-4,2026-06-30 18:30:00,Regular Season,Kiwoom Heroes,,LG Twins,,Gocheok Sky Dome,18:30
kbo-2026-2026-06-30-5,2026-06-30 18:30:00,Regular Season,Hanwha Eagles,,KT Wiz,,Daejeon,18:30
kbo-2026-2026-07-01-1,2026-07-01 18:30:00,Regular Season,Doosan Bears,,Lotte Giants,,Jamsil,18:30
kbo-2026-2026-07-01-2,2026-07-01 18:30:00,Regular Season,NC Dinos,,Samsung Lions,,Changwon,18:30
kbo-2026-2026-07-01-3,2026-07-01 18:30:00,Regular Season,KIA Tigers,,SSG Landers,,Gwangju,18:30
kbo-2026-2026-07-01-4,2026-07-01 18:30:00,Regular Season,Kiwoom Heroes,,LG Twins,,Gocheok Sky Dome,18:30
kbo-2026-2026-07-01-5,2026-07-01 18:30:00,Regular Season,Hanwha Eagles,,KT Wiz,,Daejeon,18:30
kbo-2026-2026-07-02-1,2026-07-02 18:30:00,Regular Season,Doosan Bears,,Lotte Giants,,Jamsil,18:30
kbo-2026-2026-07-02-2,2026-07-02 18:30:00,Regular Season,NC Dinos,,Samsung Lions,,Changwon,18:30
kbo-2026-2026-07-02-3,2026-07-02 18:30:00,Regular Season,KIA Tigers,,SSG Landers,,Gwangju,18:30
kbo-2026-2026-07-02-4,2026-07-02 18:30:00,Regular Season,Kiwoom Heroes,,LG Twins,,Gocheok Sky Dome,18:30
kbo-2026-2026-07-02-5,2026-07-02 18:30:00,Regular Season,Hanwha Eagles,,KT Wiz,,Daejeon,18:30
kbo-2026-2026-07-03-1,2026-07-03 18:30:00,Regular Season,LG Twins,,Hanwha Eagles,,Jamsil,18:30
kbo-2026-2026-07-03-2,2026-07-03 18:30:00,Regular Season,SSG Landers,,Samsung Lions,,Munhak,18:30
kbo-2026-2026-07-03-3,2026-07-03 18:30:00,Regular Season,KT Wiz,,Lotte Giants,,Suwon,18:30
kbo-2026-2026-07-03-4,2026-07-03 18:30:00,Regular Season,KIA Tigers,,NC Dinos,,Gwangju,18:30
kbo-2026-2026-07-03-5,2026-07-03 18:30:00,Regular Season,Kiwoom Heroes,,Doosan Bears,,Gocheok Sky Dome,18:30
kbo-2026-2026-07-04-1,2026-07-04 18:00:00,Regular Season,LG Twins,,Hanwha Eagles,,Jamsil,18:00
kbo-2026-2026-07-04-2,2026-07-04 18:00:00,Regular Season,SSG Landers,,Samsung Lions,,Munhak,18:00
kbo-2026-2026-07-04-3,2026-07-04 18:00:00,Regular Season,KT Wiz,,Lotte Giants,,Suwon,18:00
kbo-2026-2026-07-04-4,2026-07-04 18:00:00,Regular Season,KIA Tigers,,NC Dinos,,Gwangju,18:00
kbo-2026-2026-07-04-5,2026-07-04 18:00:00,Regular Season,Kiwoom Heroes,,Doosan Bears,,Gocheok Sky Dome,18:00
kbo-2026-2026-07-05-1,2026-07-05 18:00:00,Regular Season,LG Twins,,Hanwha Eagles,,Jamsil,18:00
kbo-2026-2026-07-05-2,2026-07-05 18:00:00,Regular Season,SSG Landers,,Samsung Lions,,Munhak,18:00
kbo-2026-2026-07-05-3,2026-07-05 18:00:00,Regular Season,KT Wiz,,Lotte Giants,,Suwon,18:00
kbo-2026-2026-07-05-4,2026-07-05 18:00:00,Regular Season,KIA Tigers,,NC Dinos,,Gwangju,18:00
kbo-2026-2026-07-05-5,2026-07-05 14:00:00,Regular Season,Kiwoom Heroes,,Doosan Bears,,Gocheok Sky Dome,14:00
kbo-2026-2026-07-07-1,2026-07-07 18:30:00,Regular Season,Doosan Bears,,SSG Landers,,Jamsil,18:30
kbo-2026-2026-07-07-2,2026-07-07 18:30:00,Regular Season,Lotte Giants,,KIA Tigers,,Sajik,18:30
kbo-2026-2026-07-07-3,2026-07-07 18:30:00,Regular Season,Samsung Lions,,LG Twins,,Daegu,18:30
kbo-2026-2026-07-07-4,2026-07-07 18:30:00,Regular Season,KT Wiz,,Kiwoom Heroes,,Suwon,18:30
kbo-2026-2026-07-07-5,2026-07-07 18:30:00,Regular Season,Hanwha Eagles,,NC Dinos,,Daejeon,18:30
kbo-2026-2026-07-08-1,2026-07-08 18:30:00,Regular Season,Doosan Bears,,SSG Landers,,Jamsil,18:30
kbo-2026-2026-07-08-2,2026-07-08 18:30:00,Regular Season,Lotte Giants,,KIA Tigers,,Sajik,18:30
kbo-2026-2026-07-08-3,2026-07-08 18:30:00,Regular Season,Samsung Lions,,LG Twins,,Daegu,18:30
kbo-2026-2026-07-08-4,2026-07-08 18:30:00,Regular Season,KT Wiz,,Kiwoom Heroes,,Suwon,18:30
kbo-2026-2026-07-08-5,2026-07-08 18:30:00,Regular Season,Hanwha Eagles,,NC Dinos,,Daejeon,18:30
kbo-2026-2026-07-09-1,2026-07-09 18:30:00,Regular Season,Doosan Bears,,SSG Landers,,Jamsil,18:30
kbo-2026-2026-07-09-2,2026-07-09 18:30:00,Regular Season,Lotte Giants,,KIA Tigers,,Sajik,18:30
kbo-2026-2026-07-09-3,2026-07-09 18:30:00,Regular Season,Samsung Lions,,LG Twins,,Daegu,18:30
kbo-2026-2026-07-09-4,2026-07-09 18:30:00,Regular Season,KT Wiz,,Kiwoom Heroes,,Suwon,18:30
kbo-2026-2026-07-09-5,2026-07-09 18:30:00,Regular Season,Hanwha Eagles,,NC Dinos,,Daejeon,18:30
kbo-2026-2026-07-16-1,2026-07-16 18:30:00,Regular Season,LG Twins,,KT Wiz,,Jamsil,18:30
kbo-2026-2026-07-16-2,2026-07-16 18:30:00,Regular Season,SSG Landers,,KIA Tigers,,Munhak,18:30
kbo-2026-2026-07-16-3,2026-07-16 18:30:00,Regular Season,Samsung Lions,,Lotte Giants,,Daegu,18:30
kbo-2026-2026-07-16-4,2026-07-16 18:30:00,Regular Season,NC Dinos,,Doosan Bears,,Changwon,18:30
kbo-2026-2026-07-16-5,2026-07-16 18:30:00,Regular Season,Hanwha Eagles,,Kiwoom Heroes,,Daejeon,18:30
kbo-2026-2026-07-17-1,2026-07-17 18:30:00,Regular Season,LG Twins,,KT Wiz,,Jamsil,18:30
kbo-2026-2026-07-17-2,2026-07-17 18:30:00,Regular Season,SSG Landers,,KIA Tigers,,Munhak,18:30
kbo-2026-2026-07-17-3,2026-07-17 18:30:00,Regular Season,Samsung Lions,,Lotte Giants,,Daegu,18:30
kbo-2026-2026-07-17-4,2026-07-17 18:30:00,Regular Season,NC Dinos,,Doosan Bears,,Changwon,18:30
kbo-2026-2026-07-17-5,2026-07-17 18:30:00,Regular Season,Hanwha Eagles,,Kiwoom Heroes,,Daejeon,18:30
kbo-2026-2026-07-18-1,2026-07-18 18:00:00,Regular Season,LG Twins,,KT Wiz,,Jamsil,18:00
kbo-2026-2026-07-18-2,2026-07-18 18:00:00,Regular Season,SSG Landers,,KIA Tigers,,Munhak,18:00
kbo-2026-2026-07-18-3,2026-07-18 18:00:00,Regular Season,Samsung Lions,,Lotte Giants,,Daegu,18:00
kbo-2026-2026-07-18-4,2026-07-18 18:00:00,Regular Season,NC Dinos,,Doosan Bears,,Changwon,18:00
kbo-2026-2026-07-18-5,2026-07-18 18:00:00,Regular Season,Hanwha Eagles,,Kiwoom Heroes,,Daejeon,18:00
kbo-2026-2026-07-19-1,2026-07-19 18:00:00,Regular Season,LG Twins,,KT Wiz,,Jamsil,18:00
kbo-2026-2026-07-19-2,2026-07-19 18:00:00,Regular Season,SSG Landers,,KIA Tigers,,Munhak,18:00
kbo-2026-2026-07-19-3,2026-07-19 18:00:00,Regular Season,Samsung Lions,,Lotte Giants,,Daegu,18:00
kbo-2026-2026-07-19-4,2026-07-19 18:00:00,Regular Season,NC Dinos,,Doosan Bears,,Changwon,18:00
kbo-2026-2026-07-19-5,2026-07-19 18:00:00,Regular Season,Hanwha Eagles,,Kiwoom Heroes,,Daejeon,18:00
kbo-2026-2026-07-21-1,2026-07-21 18:30:00,Regular Season,LG Twins,,NC Dinos,,Jamsil,18:30
kbo-2026-2026-07-21-2,2026-07-21 18:30:00,Regular Season,Lotte Giants,,SSG Landers,,Sajik,18:30
kbo-2026-2026-07-21-3,2026-07-21 18:30:00,Regular Season,KT Wiz,,Doosan Bears,,Suwon,18:30
kbo-2026-2026-07-21-4,2026-07-21 18:30:00,Regular Season,KIA Tigers,,Hanwha Eagles,,Gwangju,18:30
kbo-2026-2026-07-21-5,2026-07-21 18:30:00,Regular Season,Kiwoom Heroes,,Samsung Lions,,Gocheok Sky Dome,18:30
kbo-2026-2026-07-22-1,2026-07-22 18:30:00,Regular Season,LG Twins,,NC Dinos,,Jamsil,18:30
kbo-2026-2026-07-22-2,2026-07-22 18:30:00,Regular Season,Lotte Giants,,SSG Landers,,Sajik,18:30
kbo-2026-2026-07-22-3,2026-07-22 18:30:00,Regular Season,KT Wiz,,Doosan Bears,,Suwon,18:30
kbo-2026-2026-07-22-4,2026-07-22 18:30:00,Regular Season,KIA Tigers,,Hanwha Eagles,,Gwangju,18:30
kbo-2026-2026-07-22-5,2026-07-22 18:30:00,Regular Season,Kiwoom Heroes,,Samsung Lions,,Gocheok Sky Dome,18:30
kbo-2026-2026-07-23-1,2026-07-23 18:30:00,Regular Season,LG Twins,,NC Dinos,,Jamsil,18:30
kbo-2026-2026-07-23-2,2026-07-23 18:30:00,Regular Season,Lotte Giants,,SSG Landers,,Sajik,18:30
kbo-2026-2026-07-23-3,2026-07-23 18:30:00,Regular Season,KT Wiz,,Doosan Bears,,Suwon,18:30
kbo-2026-2026-07-23-4,2026-07-23 18:30:00,Regular Season,KIA Tigers,,Hanwha Eagles,,Gwangju,18:30
kbo-2026-2026-07-23-5,2026-07-23 18:30:00,Regular Season,Kiwoom Heroes,,Samsung Lions,,Gocheok Sky Dome,18:30
kbo-2026-2026-07-24-1,2026-07-24 18:30:00,Regular Season,Doosan Bears,,Samsung Lions,,Jamsil,18:30
kbo-2026-2026-07-24-2,2026-07-24 18:30:00,Regular Season,SSG Landers,,NC Dinos,,Munhak,18:30
kbo-2026-2026-07-24-3,2026-07-24 18:30:00,Regular Season,Lotte Giants,,KT Wiz,,Sajik,18:30
kbo-2026-2026-07-24-4,2026-07-24 18:30:00,Regular Season,KIA Tigers,,Kiwoom Heroes,,Gwangju,18:30
kbo-2026-2026-07-24-5,2026-07-24 18:30:00,Regular Season,Hanwha Eagles,,LG Twins,,Daejeon,18:30
kbo-2026-2026-07-25-1,2026-07-25 18:00:00,Regular Season,Doosan Bears,,Samsung Lions,,Jamsil,18:00
kbo-2026-2026-07-25-2,2026-07-25 18:00:00,Regular Season,SSG Landers,,NC Dinos,,Munhak,18:00
kbo-2026-2026-07-25-3,2026-07-25 18:00:00,Regular Season,Lotte Giants,,KT Wiz,,Sajik,18:00
kbo-2026-2026-07-25-4,2026-07-25 18:00:00,Regular Season,KIA Tigers,,Kiwoom Heroes,,Gwangju,18:00
kbo-2026-2026-07-25-5,2026-07-25 18:00:00,Regular Season,Hanwha Eagles,,LG Twins,,Daejeon,18:00
kbo-2026-2026-07-26-1,2026-07-26 18:00:00,Regular Season,Doosan Bears,,Samsung Lions,,Jamsil,18:00
kbo-2026-2026-07-26-2,2026-07-26 18:00:00,Regular Season,SSG Landers,,NC Dinos,,Munhak,18:00
kbo-2026-2026-07-26-3,2026-07-26 18:00:00,Regular Season,Lotte Giants,,KT Wiz,,Sajik,18:00
kbo-2026-2026-07-26-4,2026-07-26 18:00:00,Regular Season,KIA Tigers,,Kiwoom Heroes,,Gwangju,18:00
kbo-2026-2026-07-26-5,2026-07-26 18:00:00,Regular Season,Hanwha Eagles,,LG Twins,,Daejeon,18:00
kbo-2026-2026-07-28-1,2026-07-28 18:30:00,Regular Season,LG Twins,,Kiwoom Heroes,,Jamsil,18:30
kbo-2026-2026-07-28-2,2026-07-28 18:30:00,Regular Season,SSG Landers,,Doosan Bears,,Munhak,18:30
kbo-2026-2026-07-28-3,2026-07-28 18:30:00,Regular Season,Samsung Lions,,KIA Tigers,,Daegu,18:30
kbo-2026-2026-07-28-4,2026-07-28 18:30:00,Regular Season,NC Dinos,,KT Wiz,,Changwon,18:30
kbo-2026-2026-07-28-5,2026-07-28 18:30:00,Regular Season,Hanwha Eagles,,Lotte Giants,,Daejeon,18:30
kbo-2026-2026-07-29-1,2026-07-29 18:30:00,Regular Season,LG Twins,,Kiwoom Heroes,,Jamsil,18:30
kbo-2026-2026-07-29-2,2026-07-29 18:30:00,Regular Season,SSG Landers,,Doosan Bears,,Munhak,18:30
kbo-2026-2026-07-29-3,2026-07-29 18:30:00,Regular Season,Samsung Lions,,KIA Tigers,,Daegu,18:30
kbo-2026-2026-07-29-4,2026-07-29 18:30:00,Regular Season,NC Dinos,,KT Wiz,,Changwon,18:30
kbo-2026-2026-07-29-5,2026-07-29 18:30:00,Regular Season,Hanwha Eagles,,Lotte Giants,,Daejeon,18:30
kbo-2026-2026-07-30-1,2026-07-30 18:30:00,Regular Season,LG Twins,,Kiwoom Heroes,,Jamsil,18:30
kbo-2026-2026-07-30-2,2026-07-30 18:30:00,Regular Season,SSG Landers,,Doosan Bears,,Munhak,18:30
kbo-2026-2026-07-30-3,2026-07-30 18:30:00,Regular Season,Samsung Lions,,KIA Tigers,,Daegu,18:30
kbo-2026-2026-07-30-4,2026-07-30 18:30:00,Regular Season,NC Dinos,,KT Wiz,,Changwon,18:30
kbo-2026-2026-07-30-5,2026-07-30 18:30:00,Regular Season,Hanwha Eagles,,Lotte Giants,,Daejeon,18:30
kbo-2026-2026-07-31-1,2026-07-31 18:30:00,Regular Season,Doosan Bears,,LG Twins,,Jamsil,18:30
kbo-2026-2026-07-31-2,2026-07-31 18:30:00,Regular Season,Lotte Giants,,Samsung Lions,,Sajik,18:30
kbo-2026-2026-07-31-3,2026-07-31 18:30:00,Regular Season,NC Dinos,,KIA Tigers,,Changwon,18:30
kbo-2026-2026-07-31-4,2026-07-31 18:30:00,Regular Season,KT Wiz,,Hanwha Eagles,,Suwon,18:30
kbo-2026-2026-07-31-5,2026-07-31 18:30:00,Regular Season,Kiwoom Heroes,,SSG Landers,,Gocheok Sky Dome,18:30
kbo-2026-2026-08-01-1,2026-08-01 18:00:00,Regular Season,Doosan Bears,,LG Twins,,Jamsil,18:00
kbo-2026-2026-08-01-2,2026-08-01 18:00:00,Regular Season,Lotte Giants,,Samsung Lions,,Sajik,18:00
kbo-2026-2026-08-01-3,2026-08-01 18:00:00,Regular Season,NC Dinos,,KIA Tigers,,Changwon,18:00
kbo-2026-2026-08-01-4,2026-08-01 18:00:00,Regular Season,KT Wiz,,Hanwha Eagles,,Suwon,18:00
kbo-2026-2026-08-01-5,2026-08-01 18:00:00,Regular Season,Kiwoom Heroes,,SSG Landers,,Gocheok Sky Dome,18:00
kbo-2026-2026-08-02-1,2026-08-02 18:00:00,Regular Season,Doosan Bears,,LG Twins,,Jamsil,18:00
kbo-2026-2026-08-02-2,2026-08-02 18:00:00,Regular Season,Lotte Giants,,Samsung Lions,,Sajik,18:00
kbo-2026-2026-08-02-3,2026-08-02 18:00:00,Regular Season,NC Dinos,,KIA Tigers,,Changwon,18:00
kbo-2026-2026-08-02-4,2026-08-02 18:00:00,Regular Season,KT Wiz,,Hanwha Eagles,,Suwon,18:00
kbo-2026-2026-08-02-5,2026-08-02 14:00:00,Regular Season,Kiwoom Heroes,,SSG Landers,,Gocheok Sky Dome,14:00
kbo-2026-2026-08-04-1,2026-08-04 18:30:00,Regular Season,Doosan Bears,,NC Dinos,,Jamsil,18:30
kbo-2026-2026-08-04-2,2026-08-04 18:30:00,Regular Season,SSG Landers,,LG Twins,,Munhak,18:30
kbo-2026-2026-08-04-3,2026-08-04 18:30:00,Regular Season,Lotte Giants,,Kiwoom Heroes,,Sajik,18:30
kbo-2026-2026-08-04-4,2026-08-04 18:30:00,Regular Season,Samsung Lions,,Hanwha Eagles,,Daegu,18:30
kbo-2026-2026-08-04-5,2026-08-04 18:30:00,Regular Season,KIA Tigers,,KT Wiz,,Gwangju,18:30
kbo-2026-2026-08-05-1,2026-08-05 18:30:00,Regular Season,Doosan Bears,,NC Dinos,,Jamsil,18:30
kbo-2026-2026-08-05-2,2026-08-05 18:30:00,Regular Season,SSG Landers,,LG Twins,,Munhak,18:30
kbo-2026-2026-08-05-3,2026-08-05 18:30:00,Regular Season,Lotte Giants,,Kiwoom Heroes,,Sajik,18:30
kbo-2026-2026-08-05-4,2026-08-05 18:30:00,Regular Season,Samsung Lions,,Hanwha Eagles,,Daegu,18:30
kbo-2026-2026-08-05-5,2026-08-05 18:30:00,Regular Season,KIA Tigers,,KT Wiz,,Gwangju,18:30
kbo-2026-2026-08-06-1,2026-08-06 18:30:00,Regular Season,Doosan Bears,,NC Dinos,,Jamsil,18:30
kbo-2026-2026-08-06-2,2026-08-06 18:30:00,Regular Season,SSG Landers,,LG Twins,,Munhak,18:30
kbo-2026-2026-08-06-3,2026-08-06 18:30:00,Regular Season,Lotte Giants,,Kiwoom Heroes,,Sajik,18:30
kbo-2026-2026-08-06-4,2026-08-06 18:30:00,Regular Season,Samsung Lions,,Hanwha Eagles,,Daegu,18:30
kbo-2026-2026-08-06-5,2026-08-06 18:30:00,Regular Season,KIA Tigers,,KT Wiz,,Gwangju,18:30
kbo-2026-2026-08-07-1,2026-08-07 18:30:00,Regular Season,LG Twins,,KIA Tigers,,Jamsil,18:30
kbo-2026-2026-08-07-2,2026-08-07 18:30:00,Regular Season,Samsung Lions,,Doosan Bears,,Daegu,18:30
kbo-2026-2026-08-07-3,2026-08-07 18:30:00,Regular Season,NC Dinos,,SSG Landers,,Changwon,18:30
kbo-2026-2026-08-07-4,2026-08-07 18:30:00,Regular Season,KT Wiz,,Lotte Giants,,Suwon,18:30
kbo-2026-2026-08-07-5,2026-08-07 18:30:00,Regular Season,Hanwha Eagles,,Kiwoom Heroes,,Daejeon,18:30
kbo-2026-2026-08-08-1,2026-08-08 18:00:00,Regular Season,LG Twins,,KIA Tigers,,Jamsil,18:00
kbo-2026-2026-08-08-2,2026-08-08 18:00:00,Regular Season,Samsung Lions,,Doosan Bears,,Daegu,18:00
kbo-2026-2026-08-08-3,2026-08-08 18:00:00,Regular Season,NC Dinos,,SSG Landers,,Changwon,18:00
kbo-2026-2026-08-08-4,2026-08-08 18:00:00,Regular Season,KT Wiz,,Lotte Giants,,Suwon,18:00
kbo-2026-2026-08-08-5,2026-08-08 18:00:00,Regular Season,Hanwha Eagles,,Kiwoom Heroes,,Daejeon,18:00
kbo-2026-2026-08-09-1,2026-08-09 18:00:00,Regular Season,LG Twins,,KIA Tigers,,Jamsil,18:00
kbo-2026-2026-08-09-2,2026-08-09 18:00:00,Regular Season,Samsung Lions,,Doosan Bears,,Daegu,18:00
kbo-2026-2026-08-09-3,2026-08-09 18:00:00,Regular Season,NC Dinos,,SSG Landers,,Changwon,18:00
kbo-2026-2026-08-09-4,2026-08-09 18:00:00,Regular Season,KT Wiz,,Lotte Giants,,Suwon,18:00
kbo-2026-2026-08-09-5,2026-08-09 18:00:00,Regular Season,Hanwha Eagles,,Kiwoom Heroes,,Daejeon,18:00
kbo-2026-2026-08-11-1,2026-08-11 18:30:00,Regular Season,Doosan Bears,,Hanwha Eagles,,Jamsil,18:30
kbo-2026-2026-08-11-2,2026-08-11 18:30:00,Regular Season,SSG Landers,,Lotte Giants,,Munhak,18:30
kbo-2026-2026-08-11-3,2026-08-11 18:30:00,Regular Season,NC Dinos,,KT Wiz,,Changwon,18:30
kbo-2026-2026-08-11-4,2026-08-11 18:30:00,Regular Season,KIA Tigers,,Samsung Lions,,Gwangju,18:30
kbo-2026-2026-08-11-5,2026-08-11 18:30:00,Regular Season,Kiwoom Heroes,,LG Twins,,Gocheok Sky Dome,18:30
kbo-2026-2026-08-12-1,2026-08-12 18:30:00,Regular Season,Doosan Bears,,Hanwha Eagles,,Jamsil,18:30
kbo-2026-2026-08-12-2,2026-08-12 18:30:00,Regular Season,SSG Landers,,Lotte Giants,,Munhak,18:30
kbo-2026-2026-08-12-3,2026-08-12 18:30:00,Regular Season,NC Dinos,,KT Wiz,,Changwon,18:30
kbo-2026-2026-08-12-4,2026-08-12 18:30:00,Regular Season,KIA Tigers,,Samsung Lions,,Gwangju,18:30
kbo-2026-2026-08-12-5,2026-08-12 18:30:00,Regular Season,Kiwoom Heroes,,LG Twins,,Gocheok Sky Dome,18:30
kbo-2026-2026-08-13-1,2026-08-13 18:30:00,Regular Season,Doosan Bears,,Hanwha Eagles,,Jamsil,18:30
kbo-2026-2026-08-13-2,2026-08-13 18:30:00,Regular Season,SSG Landers,,Lotte Giants,,Munhak,18:30
kbo-2026-2026-08-13-3,2026-08-13 18:30:00,Regular Season,NC Dinos,,KT Wiz,,Changwon,18:30
kbo-2026-2026-08-13-4,2026-08-13 18:30:00,Regular Season,KIA Tigers,,Samsung Lions,,Gwangju,18:30
kbo-2026-2026-08-13-5,2026-08-13 18:30:00,Regular Season,Kiwoom Heroes,,LG Twins,,Gocheok Sky Dome,18:30
kbo-2026-2026-08-14-1,2026-08-14 18:30:00,Regular Season,LG Twins,,SSG Landers,,Jamsil,18:30
kbo-2026-2026-08-14-2,2026-08-14 18:30:00,Regular Season,Lotte Giants,,NC Dinos,,Sajik,18:30
kbo-2026-2026-08-14-3,2026-08-14 18:30:00,Regular Season,Samsung Lions,,Hanwha Eagles,,Daegu,18:30
kbo-2026-2026-08-14-4,2026-08-14 18:30:00,Regular Season,KT Wiz,,Kiwoom Heroes,,Suwon,18:30
kbo-2026-2026-08-14-5,2026-08-14 18:30:00,Regular Season,KIA Tigers,,Doosan Bears,,Gwangju,18:30
kbo-2026-2026-08-15-1,2026-08-15 18:00:00,Regular Season,LG Twins,,SSG Landers,,Jamsil,18:00
kbo-2026-2026-08-15-2,2026-08-15 18:00:00,Regular Season,Lotte Giants,,NC Dinos,,Sajik,18:00
kbo-2026-2026-08-15-3,2026-08-15 18:00:00,Regular Season,Samsung Lions,,Hanwha Eagles,,Daegu,18:00
kbo-2026-2026-08-15-4,2026-08-15 18:00:00,Regular Season,KT Wiz,,Kiwoom Heroes,,Suwon,18:00
kbo-2026-2026-08-15-5,2026-08-15 18:00:00,Regular Season,KIA Tigers,,Doosan Bears,,Gwangju,18:00
kbo-2026-2026-08-16-1,2026-08-16 18:00:00,Regular Season,LG Twins,,SSG Landers,,Jamsil,18:00
kbo-2026-2026-08-16-2,2026-08-16 18:00:00,Regular Season,Lotte Giants,,NC Dinos,,Sajik,18:00
kbo-2026-2026-08-16-3,2026-08-16 18:00:00,Regular Season,Samsung Lions,,Hanwha Eagles,,Daegu,18:00
kbo-2026-2026-08-16-4,2026-08-16 18:00:00,Regular Season,KT Wiz,,Kiwoom Heroes,,Suwon,18:00
kbo-2026-2026-08-16-5,2026-08-16 18:00:00,Regular Season,KIA Tigers,,Doosan Bears,,Gwangju,18:00
kbo-2026-2026-08-18-1,2026-08-18 18:30:00,Regular Season,LG Twins,,KT Wiz,,Jamsil,18:30
kbo-2026-2026-08-18-2,2026-08-18 18:30:00,Regular Season,Lotte Giants,,Kiwoom Heroes,,Sajik,18:30
kbo-2026-2026-08-18-3,2026-08-18 18:30:00,Regular Season,Samsung Lions,,SSG Landers,,Daegu,18:30
kbo-2026-2026-08-18-4,2026-08-18 18:30:00,Regular Season,NC Dinos,,Doosan Bears,,Changwon,18:30
kbo-2026-2026-08-18-5,2026-08-18 18:30:00,Regular Season,Hanwha Eagles,,KIA Tigers,,Daejeon,18:30
kbo-2026-2026-08-19-1,2026-08-19 18:30:00,Regular Season,LG Twins,,KT Wiz,,Jamsil,18:30
kbo-2026-2026-08-19-2,2026-08-19 18:30:00,Regular Season,Lotte Giants,,Kiwoom Heroes,,Sajik,18:30
kbo-2026-2026-08-19-3,2026-08-19 18:30:00,Regular Season,Samsung Lions,,SSG Landers,,Daegu,18:30
kbo-2026-2026-08-19-4,2026-08-19 18:30:00,Regular Season,NC Dinos,,Doosan Bears,,Changwon,18:30
kbo-2026-2026-08-19-5,2026-08-19 18:30:00,Regular Season,Hanwha Eagles,,KIA Tigers,,Daejeon,18:30
kbo-2026-2026-08-20-1,2026-08-20 18:30:00,Regular Season,LG Twins,,KT Wiz,,Jamsil,18:30
kbo-2026-2026-08-20-2,2026-08-20 18:30:00,Regular Season,Lotte Giants,,Kiwoom Heroes,,Sajik,18:30
kbo-2026-2026-08-20-3,2026-08-20 18:30:00,Regular Season,Samsung Lions,,SSG Landers,,Daegu,18:30
kbo-2026-2026-08-20-4,2026-08-20 18:30:00,Regular Season,NC Dinos,,Doosan Bears,,Changwon,18:30
kbo-2026-2026-08-20-5,2026-08-20 18:30:00,Regular Season,Hanwha Eagles,,KIA Tigers,,Daejeon,18:30
kbo-2026-2026-08-21-1,2026-08-21 18:30:00,Regular Season,Doosan Bears,,Lotte Giants,,Jamsil,18:30
kbo-2026-2026-08-21-2,2026-08-21 18:30:00,Regular Season,SSG Landers,,KT Wiz,,Munhak,18:30
kbo-2026-2026-08-21-3,2026-08-21 18:30:00,Regular Season,NC Dinos,,Samsung Lions,,Changwon,18:30
kbo-2026-2026-08-21-4,2026-08-21 18:30:00,Regular Season,Kiwoom Heroes,,KIA Tigers,,Gocheok Sky Dome,18:30
kbo-2026-2026-08-21-5,2026-08-21 18:30:00,Regular Season,Hanwha Eagles,,LG Twins,,Daejeon,18:30
kbo-2026-2026-08-22-1,2026-08-22 18:00:00,Regular Season,Doosan Bears,,Lotte Giants,,Jamsil,18:00
kbo-2026-2026-08-22-2,2026-08-22 18:00:00,Regular Season,SSG Landers,,KT Wiz,,Munhak,18:00
kbo-2026-2026-08-22-3,2026-08-22 18:00:00,Regular Season,NC Dinos,,Samsung Lions,,Changwon,18:00
kbo-2026-2026-08-22-4,2026-08-22 18:00:00,Regular Season,Kiwoom Heroes,,KIA Tigers,,Gocheok Sky Dome,18:00
kbo-2026-2026-08-22-5,2026-08-22 18:00:00,Regular Season,Hanwha Eagles,,LG Twins,,Daejeon,18:00
kbo-2026-2026-08-23-1,2026-08-23 18:00:00,Regular Season,Doosan Bears,,Lotte Giants,,Jamsil,18:00
kbo-2026-2026-08-23-2,2026-08-23 18:00:00,Regular Season,SSG Landers,,KT Wiz,,Munhak,18:00
kbo-2026-2026-08-23-3,2026-08-23 18:00:00,Regular Season,NC Dinos,,Samsung Lions,,Changwon,18:00
kbo-2026-2026-08-23-4,2026-08-23 14:00:00,Regular Season,Kiwoom Heroes,,KIA Tigers,,Gocheok Sky Dome,14:00
kbo-2026-2026-08-23-5,2026-08-23 18:00:00,Regular Season,Hanwha Eagles,,LG Twins,,Daejeon,18:00
kbo-2026-2026-08-25-1,2026-08-25 18:30:00,Regular Season,LG Twins,,NC Dinos,,Jamsil,18:30
kbo-2026-2026-08-25-2,2026-08-25 18:30:00,Regular Season,SSG Landers,,Hanwha Eagles,,Munhak,18:30
kbo-2026-2026-08-25-3,2026-08-25 18:30:00,Regular Season,KT Wiz,,Doosan Bears,,Suwon,18:30
kbo-2026-2026-08-25-4,2026-08-25 18:30:00,Regular Season,KIA Tigers,,Lotte Giants,,Gwangju,18:30
kbo-2026-2026-08-25-5,2026-08-25 18:30:00,Regular Season,Kiwoom Heroes,,Samsung Lions,,Gocheok Sky Dome,18:30
kbo-2026-2026-08-26-1,2026-08-26 18:30:00,Regular Season,LG Twins,,NC Dinos,,Jamsil,18:30
kbo-2026-2026-08-26-2,2026-08-26 18:30:00,Regular Season,SSG Landers,,Hanwha Eagles,,Munhak,18:30
kbo-2026-2026-08-26-3,2026-08-26 18:30:00,Regular Season,KT Wiz,,Doosan Bears,,Suwon,18:30
kbo-2026-2026-08-26-4,2026-08-26 18:30:00,Regular Season,KIA Tigers,,Lotte Giants,,Gwangju,18:30
kbo-2026-2026-08-26-5,2026-08-26 18:30:00,Regular Season,Kiwoom Heroes,,Samsung Lions,,Gocheok Sky Dome,18:30
kbo-2026-2026-08-27-1,2026-08-27 18:30:00,Regular Season,LG Twins,,NC Dinos,,Jamsil,18:30
kbo-2026-2026-08-27-2,2026-08-27 18:30:00,Regular Season,SSG Landers,,Hanwha Eagles,,Munhak,18:30
kbo-2026-2026-08-27-3,2026-08-27 18:30:00,Regular Season,KT Wiz,,Doosan Bears,,Suwon,18:30
kbo-2026-2026-08-27-4,2026-08-27 18:30:00,Regular Season,KIA Tigers,,Lotte Giants,,Gwangju,18:30
kbo-2026-2026-08-27-5,2026-08-27 18:30:00,Regular Season,Kiwoom Heroes,,Samsung Lions,,Gocheok Sky Dome,18:30
kbo-2026-2026-08-28-1,2026-08-28 18:30:00,Regular Season,Doosan Bears,,Kiwoom Heroes,,Jamsil,18:30
kbo-2026-2026-08-28-2,2026-08-28 18:30:00,Regular Season,Lotte Giants,,LG Twins,,Sajik,18:30
kbo-2026-2026-08-28-3,2026-08-28 18:30:00,Regular Season,Samsung Lions,,KT Wiz,,Daegu,18:30
kbo-2026-2026-08-28-4,2026-08-28 18:30:00,Regular Season,KIA Tigers,,SSG Landers,,Gwangju,18:30
kbo-2026-2026-08-28-5,2026-08-28 18:30:00,Regular Season,Hanwha Eagles,,NC Dinos,,Daejeon,18:30
kbo-2026-2026-08-29-1,2026-08-29 18:00:00,Regular Season,Doosan Bears,,Kiwoom Heroes,,Jamsil,18:00
kbo-2026-2026-08-29-2,2026-08-29 18:00:00,Regular Season,Lotte Giants,,LG Twins,,Sajik,18:00
kbo-2026-2026-08-29-3,2026-08-29 18:00:00,Regular Season,Samsung Lions,,KT Wiz,,Daegu,18:00
kbo-2026-2026-08-29-4,2026-08-29 18:00:00,Regular Season,KIA Tigers,,SSG Landers,,Gwangju,18:00
kbo-2026-2026-08-29-5,2026-08-29 18:00:00,Regular Season,Hanwha Eagles,,NC Dinos,,Daejeon,18:00
kbo-2026-2026-08-30-1,2026-08-30 18:00:00,Regular Season,Doosan Bears,,Kiwoom Heroes,,Jamsil,18:00
kbo-2026-2026-08-30-2,2026-08-30 18:00:00,Regular Season,Lotte Giants,,LG Twins,,Sajik,18:00
kbo-2026-2026-08-30-3,2026-08-30 18:00:00,Regular Season,Samsung Lions,,KT Wiz,,Daegu,18:00
kbo-2026-2026-08-30-4,2026-08-30 18:00:00,Regular Season,KIA Tigers,,SSG Landers,,Gwangju,18:00
kbo-2026-2026-08-30-5,2026-08-30 18:00:00,Regular Season,Hanwha Eagles,,NC Dinos,,Daejeon,18:00
kbo-2026-2026-09-01-1,2026-09-01 18:30:00,Regular Season,Doosan Bears,,LG Twins,,Jamsil,18:30
kbo-2026-2026-09-01-2,2026-09-01 18:30:00,Regular Season,Samsung Lions,,Lotte Giants,,Daegu,18:30
kbo-2026-2026-09-01-3,2026-09-01 18:30:00,Regular Season,NC Dinos,,KIA Tigers,,Changwon,18:30
kbo-2026-2026-09-01-4,2026-09-01 18:30:00,Regular Season,KT Wiz,,Hanwha Eagles,,Suwon,18:30
kbo-2026-2026-09-01-5,2026-09-01 18:30:00,Regular Season,Kiwoom Heroes,,SSG Landers,,Gocheok Sky Dome,18:30
kbo-2026-2026-09-02-1,2026-09-02 18:30:00,Regular Season,Doosan Bears,,LG Twins,,Jamsil,18:30
kbo-2026-2026-09-02-2,2026-09-02 18:30:00,Regular Season,Samsung Lions,,Lotte Giants,,Daegu,18:30
kbo-2026-2026-09-02-3,2026-09-02 18:30:00,Regular Season,NC Dinos,,KIA Tigers,,Changwon,18:30
kbo-2026-2026-09-02-4,2026-09-02 18:30:00,Regular Season,KT Wiz,,Hanwha Eagles,,Suwon,18:30
kbo-2026-2026-09-02-5,2026-09-02 18:30:00,Regular Season,Kiwoom Heroes,,SSG Landers,,Gocheok Sky Dome,18:30
kbo-2026-2026-09-03-1,2026-09-03 18:30:00,Regular Season,Doosan Bears,,LG Twins,,Jamsil,18:30
kbo-2026-2026-09-03-2,2026-09-03 18:30:00,Regular Season,Samsung Lions,,Lotte Giants,,Daegu,18:30
kbo-2026-2026-09-03-3,2026-09-03 18:30:00,Regular Season,NC Dinos,,KIA Tigers,,Changwon,18:30
kbo-2026-2026-09-03-4,2026-09-03 18:30:00,Regular Season,KT Wiz,,Hanwha Eagles,,Suwon,18:30
kbo-2026-2026-09-03-5,2026-09-03 18:30:00,Regular Season,Kiwoom Heroes,,SSG Landers,,Gocheok Sky Dome,18:30
kbo-2026-2026-09-04-1,2026-09-04 18:30:00,Regular Season,LG Twins,,Samsung Lions,,Jamsil,18:30
kbo-2026-2026-09-04-2,2026-09-04 18:30:00,Regular Season,SSG Landers,,Doosan Bears,,Munhak,18:30
kbo-2026-2026-09-04-3,2026-09-04 18:30:00,Regular Season,Lotte Giants,,Hanwha Eagles,,Sajik,18:30
kbo-2026-2026-09-04-4,2026-09-04 18:30:00,Regular Season,KIA Tigers,,KT Wiz,,Gwangju,18:30
kbo-2026-2026-09-04-5,2026-09-04 18:30:00,Regular Season,Kiwoom Heroes,,NC Dinos,,Gocheok Sky Dome,18:30
kbo-2026-2026-09-05-1,2026-09-05 17:00:00,Regular Season,LG Twins,,Samsung Lions,,Jamsil,17:00
kbo-2026-2026-09-05-2,2026-09-05 17:00:00,Regular Season,SSG Landers,,Doosan Bears,,Munhak,17:00
kbo-2026-2026-09-05-3,2026-09-05 17:00:00,Regular Season,Lotte Giants,,Hanwha Eagles,,Sajik,17:00
kbo-2026-2026-09-05-4,2026-09-05 17:00:00,Regular Season,KIA Tigers,,KT Wiz,,Gwangju,17:00
kbo-2026-2026-09-05-5,2026-09-05 17:00:00,Regular Season,Kiwoom Heroes,,NC Dinos,,Gocheok Sky Dome,17:00
kbo-2026-2026-09-06-1,2026-09-06 17:00:00,Regular Season,LG Twins,,Samsung Lions,,Jamsil,17:00
kbo-2026-2026-09-06-2,2026-09-06 17:00:00,Regular Season,SSG Landers,,Doosan Bears,,Munhak,17:00
kbo-2026-2026-09-06-3,2026-09-06 17:00:00,Regular Season,Lotte Giants,,Hanwha Eagles,,Sajik,17:00
kbo-2026-2026-09-06-4,2026-09-06 17:00:00,Regular Season,KIA Tigers,,KT Wiz,,Gwangju,17:00
kbo-2026-2026-09-06-5,2026-09-06 17:00:00,Regular Season,Kiwoom Heroes,,NC Dinos,,Gocheok Sky Dome,17:00
